/*
Navicat MySQL Data Transfer

Source Server         : localhost_3306
Source Server Version : 50719
Source Host           : localhost:3306
Source Database       : springboot

Target Server Type    : MYSQL
Target Server Version : 50719
File Encoding         : 65001

Date: 2019-05-16 09:10:59
*/

SET FOREIGN_KEY_CHECKS=0;

-- ----------------------------
-- Table structure for tb_blog
-- ----------------------------
DROP TABLE IF EXISTS `tb_blog`;
CREATE TABLE `tb_blog` (
  `id` bigint(11) NOT NULL AUTO_INCREMENT,
  `title` varchar(255) DEFAULT NULL,
  `author` varchar(50) DEFAULT NULL,
  `essential` varchar(255) DEFAULT NULL,
  `content` text,
  `importance` tinyint(4) DEFAULT NULL,
  `status` tinyint(4) DEFAULT NULL,
  `publish_time` datetime DEFAULT NULL,
  `created` datetime DEFAULT NULL,
  PRIMARY KEY (`id`)
) ENGINE=InnoDB AUTO_INCREMENT=10 DEFAULT CHARSET=utf8;

-- ----------------------------
-- Records of tb_blog
-- ----------------------------
INSERT INTO `tb_blog` VALUES ('1', '可视化编程，你怎么看', 'test', '可视化编程语言可以让程序员从键盘中解脱，通过拖动一个个图形组件完成程序。典型的例子有 Scratch，Node Red 等。阿里云物联网开发平台使用了可视化编程语言，无码化开发 Web 应用、移动应用甚至是 API。 但是也有人质疑可视化编程的存在，因为真正的程序员不需要所谓的可视化，给一个 IDE 就可以遨游在代码的海洋中了。', '<p style=\"box-sizing: border-box; padding: 0px; color: #24292e; font-family: -apple-system, BlinkMacSystemFont, \'Segoe UI\', Helvetica, Arial, sans-serif; font-size: 14px; font-style: normal; font-variant-ligatures: normal; font-variant-caps: normal; font-weight: 400; letter-spacing: normal; orphans: 2; text-align: start; text-indent: 0px; text-transform: none; white-space: normal; widows: 2; word-spacing: 0px; -webkit-text-stroke-width: 0px; background-color: #e2ecf6; text-decoration-style: initial; text-decoration-color: initial; margin: 0px !important 0px 16px 0px;\">可视化编程语言可以让程序员从键盘中解脱，通过拖动一个个图形组件完成程序。典型的例子有 Scratch，Node Red 等。<br style=\"box-sizing: border-box;\" /><a style=\"box-sizing: border-box; text-decoration: none; transition: color 0.2s ease 0s; color: #3366ff; background: 0px 0px transparent;\" href=\"https://iot.aliyun.com/products/linkdevelop?source=deveco_online_yunqi\" target=\"_blank\" rel=\"noopener\">阿里云物联网开发平台</a>使用了可视化编程语言，无码化开发 Web 应用、移动应用甚至是 API。<br style=\"box-sizing: border-box;\" /><img style=\"box-sizing: content-box; border: 0px none; vertical-align: middle; max-width: 100%; background-color: rgba(255, 255, 255, 0.1);\" title=\"\" src=\"https://yqfile.alicdn.com/48263f849d07657cdd33c3ac09ce861f5c8b422b.gif\" alt=\"\" /><br style=\"box-sizing: border-box;\" /><img style=\"box-sizing: content-box; border: 0px none; vertical-align: middle; max-width: 100%; background-color: rgba(255, 255, 255, 0.1);\" title=\"\" src=\"https://yqfile.alicdn.com/0977dc86106c5905407f742e6ff2f5709f6bce74.gif\" alt=\"\" /></p>\n<p style=\"box-sizing: border-box; margin: 0px 0px 16px; padding: 0px; color: #24292e; font-family: -apple-system, BlinkMacSystemFont, \'Segoe UI\', Helvetica, Arial, sans-serif; font-size: 14px; font-style: normal; font-variant-ligatures: normal; font-variant-caps: normal; font-weight: 400; letter-spacing: normal; orphans: 2; text-align: start; text-indent: 0px; text-transform: none; white-space: normal; widows: 2; word-spacing: 0px; -webkit-text-stroke-width: 0px; background-color: #e2ecf6; text-decoration-style: initial; text-decoration-color: initial;\" data-spm-anchor-id=\"a2c4e.11154000.rtdmain.i0.23585263lRePvw\">但是也有人质疑可视化编程的存在，因为真正的程序员不需要所谓的可视化，给一个 IDE 就可以遨游在代码的海洋中了。</p>\n<p style=\"box-sizing: border-box; margin: 0px 0px 16px; padding: 0px; color: #24292e; font-family: -apple-system, BlinkMacSystemFont, \'Segoe UI\', Helvetica, Arial, sans-serif; font-size: 14px; font-style: normal; font-variant-ligatures: normal; font-variant-caps: normal; font-weight: 400; letter-spacing: normal; orphans: 2; text-align: start; text-indent: 0px; text-transform: none; white-space: normal; widows: 2; word-spacing: 0px; -webkit-text-stroke-width: 0px; background-color: #e2ecf6; text-decoration-style: initial; text-decoration-color: initial;\">你对可视化编程怎么看？欢迎提出自己的想法。</p>\n<p style=\"box-sizing: border-box; padding: 0px; color: #24292e; font-family: -apple-system, BlinkMacSystemFont, \'Segoe UI\', Helvetica, Arial, sans-serif; font-size: 14px; font-style: normal; font-variant-ligatures: normal; font-variant-caps: normal; font-weight: 400; letter-spacing: normal; orphans: 2; text-align: start; text-indent: 0px; text-transform: none; white-space: normal; widows: 2; word-spacing: 0px; -webkit-text-stroke-width: 0px; background-color: #e2ecf6; text-decoration-style: initial; text-decoration-color: initial; margin: 0px 0px 0px !important 0px;\" data-spm-anchor-id=\"a2c4e.11154000.rtdmain.i1.23585263lRePvw\">更多关于可视化编程的文章，欢迎前往<a style=\"box-sizing: border-box; text-decoration: none; transition: color 0.2s ease 0s; color: #3366ff; background: 0px 0px transparent;\" href=\"https://dev.iot.aliyun.com/post/321254\" target=\"_blank\" rel=\"noopener\">阿里云物联网开发者社区</a>浏览。</p>\n<div id=\"translate-man-app\" class=\"content-3WfBL_0\" style=\"background-color: #ffffff; display: none;\">\n<div class=\"outputBox-qe9A4_0\" data-v-2868eb04=\"\">\n<div class=\"outputBox-3oESn_0\" data-v-2868eb04=\"\">&nbsp;</div>\n<div class=\"outputBox-1GLb__0\" data-v-2868eb04=\"\">\n<div class=\"outputBox-onVZH_0\" data-v-2868eb04=\"\"><img class=\"icon-tprjJ_0\" src=\"moz-extension://f3c35bfe-2002-4b11-8c3d-1bdc547e3caa/static/sound.svg\" /></div>\n</div>\n<div class=\"outputBox-2sJgr_0\" data-v-2868eb04=\"\">&nbsp;</div>\n<div class=\"outputBox-17RAm_0\" style=\"display: none;\" data-v-2868eb04=\"\">\n<div data-v-2868eb04=\"\">&nbsp;</div>\n</div>\n</div>\n</div>', '3', '0', '2019-03-24 15:54:41', '2019-03-24 15:54:41');
INSERT INTO `tb_blog` VALUES ('2', '那些年你用过哪些消息中间件？为什么又弃了？现在用的是什么？', 'lucy', '比较有名的消息中间件有:1.开源 RocketMQ2.开源 Kafka3.开源 RabbitMQ4.开源 ActiveMQ5.阿里云 MQ6.腾讯云 CKafka7.华为云 Kafka8.AWS SNS9.其他 你用过哪些呢？又放弃了哪些呢？现在在用的是哪个？', '<p style=\"box-sizing: border-box; padding: 0px; color: #24292e; font-family: -apple-system, BlinkMacSystemFont, \'Segoe UI\', Helvetica, Arial, sans-serif; font-size: 14px; font-style: normal; font-variant-ligatures: normal; font-variant-caps: normal; font-weight: 400; letter-spacing: normal; orphans: 2; text-align: start; text-indent: 0px; text-transform: none; white-space: normal; widows: 2; word-spacing: 0px; -webkit-text-stroke-width: 0px; background-color: #e2ecf6; text-decoration-style: initial; text-decoration-color: initial; margin: 0px !important 0px 16px 0px;\" data-spm-anchor-id=\"a2c4e.11154000.rtdmain.i0.77af4385xqcBLY\">比较有名的消息中间件有:<br style=\"box-sizing: border-box;\" />1.开源 RocketMQ<br style=\"box-sizing: border-box;\" />2.开源 Kafka<br style=\"box-sizing: border-box;\" />3.开源 RabbitMQ<br style=\"box-sizing: border-box;\" />4.开源 ActiveMQ<br style=\"box-sizing: border-box;\" />5.阿里云 MQ<br style=\"box-sizing: border-box;\" />6.腾讯云 CKafka<br style=\"box-sizing: border-box;\" />7.华为云 Kafka<br style=\"box-sizing: border-box;\" />8.AWS SNS<br style=\"box-sizing: border-box;\" />9.其他</p>\n<p style=\"box-sizing: border-box; margin: 0px 0px 16px; padding: 0px; color: #24292e; font-family: -apple-system, BlinkMacSystemFont, \'Segoe UI\', Helvetica, Arial, sans-serif; font-size: 14px; font-style: normal; font-variant-ligatures: normal; font-variant-caps: normal; font-weight: 400; letter-spacing: normal; orphans: 2; text-align: start; text-indent: 0px; text-transform: none; white-space: normal; widows: 2; word-spacing: 0px; -webkit-text-stroke-width: 0px; background-color: #e2ecf6; text-decoration-style: initial; text-decoration-color: initial;\">你用过哪些呢？又放弃了哪些呢？<br style=\"box-sizing: border-box;\" />现在在用的是哪个？</p>\n<div id=\"translate-man-app\" class=\"content-3WfBL_0\" style=\"background-color: #ffffff; display: none;\">\n<div class=\"outputBox-qe9A4_0\" data-v-2868eb04=\"\">\n<div class=\"outputBox-3oESn_0\" data-v-2868eb04=\"\">&nbsp;</div>\n<div class=\"outputBox-1GLb__0\" data-v-2868eb04=\"\">\n<div class=\"outputBox-onVZH_0\" data-v-2868eb04=\"\"><img class=\"icon-tprjJ_0\" src=\"moz-extension://f3c35bfe-2002-4b11-8c3d-1bdc547e3caa/static/sound.svg\" /></div>\n</div>\n<div class=\"outputBox-2sJgr_0\" data-v-2868eb04=\"\">&nbsp;</div>\n<div class=\"outputBox-17RAm_0\" style=\"display: none;\" data-v-2868eb04=\"\">\n<div data-v-2868eb04=\"\">&nbsp;</div>\n</div>\n</div>\n</div>', '3', '0', '2019-03-24 15:55:06', '2019-03-24 15:55:06');
INSERT INTO `tb_blog` VALUES ('3', '说说你遇到比较难处理的实时计算业务场景？', 'test', '你用实时计算解决哪些业务难题？ 实时计算 这个概念与离线计算是相伴而生的。离线计算：通过 ETL 程序清洗上报的数据，然后把数据存入 HDFS，通过 Hadoop 的批处理 Job 把数据导入 Hive、做 ORC 压缩处理、进行数据分区，然后再通过 Presto jdbc 定时调度任务，将 Hive 数据做统计聚合', '<h1 style=\"box-sizing: border-box; padding: 0px 0px 0.3em; font-size: 2em; font-weight: 600; color: #24292e; font-family: -apple-system, BlinkMacSystemFont, \'Segoe UI\', Helvetica, Arial, sans-serif; line-height: 1.25; border-bottom: 1px solid #eaecef; font-style: normal; font-variant-ligatures: normal; font-variant-caps: normal; letter-spacing: normal; orphans: 2; text-align: start; text-indent: 0px; text-transform: none; white-space: normal; widows: 2; word-spacing: 0px; -webkit-text-stroke-width: 0px; background-color: #e2ecf6; text-decoration-style: initial; text-decoration-color: initial; margin: 0px !important 0px 16px 0px;\" data-spm-anchor-id=\"a2c4e.11154000.rtdmain.i0.4df75f23iurs8t\">你用实时计算解决哪些业务难题？</h1>\n<h2 style=\"box-sizing: border-box; margin: 24px 0px 16px; padding: 0px 0px 0.3em; font-size: 1.5em; font-weight: 600; color: #24292e; font-family: -apple-system, BlinkMacSystemFont, \'Segoe UI\', Helvetica, Arial, sans-serif; line-height: 1.25; border-bottom: 1px solid #eaecef; font-style: normal; font-variant-ligatures: normal; font-variant-caps: normal; letter-spacing: normal; orphans: 2; text-align: start; text-indent: 0px; text-transform: none; white-space: normal; widows: 2; word-spacing: 0px; -webkit-text-stroke-width: 0px; background-color: #e2ecf6; text-decoration-style: initial; text-decoration-color: initial;\">实时计算</h2>\n<p style=\"box-sizing: border-box; margin: 0px 0px 16px; padding: 0px; color: #24292e; font-family: -apple-system, BlinkMacSystemFont, \'Segoe UI\', Helvetica, Arial, sans-serif; font-size: 14px; font-style: normal; font-variant-ligatures: normal; font-variant-caps: normal; font-weight: 400; letter-spacing: normal; orphans: 2; text-align: start; text-indent: 0px; text-transform: none; white-space: normal; widows: 2; word-spacing: 0px; -webkit-text-stroke-width: 0px; background-color: #e2ecf6; text-decoration-style: initial; text-decoration-color: initial;\">这个概念与离线计算是相伴而生的。<br style=\"box-sizing: border-box;\" /><strong style=\"box-sizing: border-box; font-weight: 600;\">离线计算：</strong>通过 ETL 程序清洗上报的数据，然后把数据存入 HDFS，通过 Hadoop 的批处理 Job 把数据导入 Hive、做 ORC 压缩处理、进行数据分区，然后再通过 Presto jdbc 定时调度任务，将 Hive 数据做统计聚合至 MySQL，然后为业务人员提供数据查询、钻取和分析的功能。<br style=\"box-sizing: border-box;\" /><strong style=\"box-sizing: border-box; font-weight: 600;\">实时计算：</strong>不同于批量计算结果数据需等待数据计算结果完成后，批量将数据传输到在线系统；实时计算作业在每次小批量数据计算后可以立刻将数据写入在线/批量系统，无需等待整体数据的计算结果，可以立刻将数据结果投递到在线系统，进一步做到实时计算结果的实时化展现。<br style=\"box-sizing: border-box;\" />有了这样的需求和产品定义，自然会有相关的技术实现。目前工业级别的老牌实时流计算框架是 Storm，后起之秀有 Spark Streaming，Flink 等等。</p>\n<h2 style=\"box-sizing: border-box; margin: 24px 0px 16px; padding: 0px 0px 0.3em; font-size: 1.5em; font-weight: 600; color: #24292e; font-family: -apple-system, BlinkMacSystemFont, \'Segoe UI\', Helvetica, Arial, sans-serif; line-height: 1.25; border-bottom: 1px solid #eaecef; font-style: normal; font-variant-ligatures: normal; font-variant-caps: normal; letter-spacing: normal; orphans: 2; text-align: start; text-indent: 0px; text-transform: none; white-space: normal; widows: 2; word-spacing: 0px; -webkit-text-stroke-width: 0px; background-color: #e2ecf6; text-decoration-style: initial; text-decoration-color: initial;\">阿里云实时计算</h2>\n<p style=\"box-sizing: border-box; margin: 0px 0px 16px; padding: 0px; color: #24292e; font-family: -apple-system, BlinkMacSystemFont, \'Segoe UI\', Helvetica, Arial, sans-serif; font-size: 14px; font-style: normal; font-variant-ligatures: normal; font-variant-caps: normal; font-weight: 400; letter-spacing: normal; orphans: 2; text-align: start; text-indent: 0px; text-transform: none; white-space: normal; widows: 2; word-spacing: 0px; -webkit-text-stroke-width: 0px; background-color: #e2ecf6; text-decoration-style: initial; text-decoration-color: initial;\">原阿里云流计算，是一套基于Apache Flink构建的一站式、高性能实时大数据处理平台，广泛应用于流式数据处理、离线数据处理、DataLake计算等场景。阿里云实时计算助力企业向实时化、智能化大数据计算升级转型。</p>\n<h2 style=\"box-sizing: border-box; margin: 24px 0px 16px; padding: 0px 0px 0.3em; font-size: 1.5em; font-weight: 600; color: #24292e; font-family: -apple-system, BlinkMacSystemFont, \'Segoe UI\', Helvetica, Arial, sans-serif; line-height: 1.25; border-bottom: 1px solid #eaecef; font-style: normal; font-variant-ligatures: normal; font-variant-caps: normal; letter-spacing: normal; orphans: 2; text-align: start; text-indent: 0px; text-transform: none; white-space: normal; widows: 2; word-spacing: 0px; -webkit-text-stroke-width: 0px; background-color: #e2ecf6; text-decoration-style: initial; text-decoration-color: initial;\">场景</h2>\n<p style=\"box-sizing: border-box; margin: 0px 0px 16px; padding: 0px; color: #24292e; font-family: -apple-system, BlinkMacSystemFont, \'Segoe UI\', Helvetica, Arial, sans-serif; font-size: 14px; font-style: normal; font-variant-ligatures: normal; font-variant-caps: normal; font-weight: 400; letter-spacing: normal; orphans: 2; text-align: start; text-indent: 0px; text-transform: none; white-space: normal; widows: 2; word-spacing: 0px; -webkit-text-stroke-width: 0px; background-color: #e2ecf6; text-decoration-style: initial; text-decoration-color: initial;\">实时计算擅长解决的几个领域的应用场景包括，实时的网络点击PV、UV统计；统计交通卡口的平均5分钟通过车流量；水利大坝的压力数据统计和展现；网络支付涉及金融盗窃固定行为规则的告警等。特别适合BI人员、大数据开发人员等用户。<br style=\"box-sizing: border-box;\" />大体分为四种典型场景：</p>\n<blockquote style=\"box-sizing: border-box; margin: 0px 0px 16px; padding: 0px 1em; font-size: 17.5px; border-left: 0.25em solid #dfe2e5; color: #6a737d; font-family: -apple-system, BlinkMacSystemFont, \'Segoe UI\', Helvetica, Arial, sans-serif; font-style: normal; font-variant-ligatures: normal; font-variant-caps: normal; font-weight: 400; letter-spacing: normal; orphans: 2; text-align: start; text-indent: 0px; text-transform: none; white-space: normal; widows: 2; word-spacing: 0px; -webkit-text-stroke-width: 0px; background-color: #e2ecf6; text-decoration-style: initial; text-decoration-color: initial;\">\n<p style=\"box-sizing: border-box; margin: 0px; padding: 0px; line-height: 23px;\">*互联网点击流分析：实时分析网站用户行为，精准实时把握用户画像；<br style=\"box-sizing: border-box;\" />*金融实时风控：实时监控金融恶意行为，实时风控避免用户损失；<br style=\"box-sizing: border-box;\" />*物联网IOT风控：实时监控侦测设备故障，即使避免潜在业务风险；<br style=\"box-sizing: border-box;\" />*电商精准推荐：实时跟踪用户行为变化，精准推荐提升产品销量。</p>\n</blockquote>\n<h2 style=\"box-sizing: border-box; margin: 24px 0px 16px; padding: 0px 0px 0.3em; font-size: 1.5em; font-weight: 600; color: #24292e; font-family: -apple-system, BlinkMacSystemFont, \'Segoe UI\', Helvetica, Arial, sans-serif; line-height: 1.25; border-bottom: 1px solid #eaecef; font-style: normal; font-variant-ligatures: normal; font-variant-caps: normal; letter-spacing: normal; orphans: 2; text-align: start; text-indent: 0px; text-transform: none; white-space: normal; widows: 2; word-spacing: 0px; -webkit-text-stroke-width: 0px; background-color: #e2ecf6; text-decoration-style: initial; text-decoration-color: initial;\">案例</h2>\n<blockquote style=\"box-sizing: border-box; margin: 0px 0px 16px; padding: 0px 1em; font-size: 17.5px; border-left: 0.25em solid #dfe2e5; color: #6a737d; font-family: -apple-system, BlinkMacSystemFont, \'Segoe UI\', Helvetica, Arial, sans-serif; font-style: normal; font-variant-ligatures: normal; font-variant-caps: normal; font-weight: 400; letter-spacing: normal; orphans: 2; text-align: start; text-indent: 0px; text-transform: none; white-space: normal; widows: 2; word-spacing: 0px; -webkit-text-stroke-width: 0px; background-color: #e2ecf6; text-decoration-style: initial; text-decoration-color: initial;\">\n<p style=\"box-sizing: border-box; margin: 0px; padding: 0px; line-height: 23px;\">*新华智云：项目需要实时接收来自多个渠道的数据，对原始数据进行过滤、清洗、结构化等流程处理后，将结果写入OTS、ODPS、ES等存储系统；与此同时，在对数据进行结构化的同时，需要从多个维度进行统计分析。<br style=\"box-sizing: border-box;\" />*小亿网络：用户画像管理系统，离线计算的最低频率是每天做一次计算。然而有一些标签的实时性要求是非常高的，比如我想知道师傅最近30分钟之内有没有操作过APP等等。运维监控系统：技术体系中，绝大部分的监控都可以使用阿里云的云监控来完成。但是仍有小部分是云监控无法实现的，比如接口访问量监控、短信发送失败比例监控、服务日志监控等等。<br style=\"box-sizing: border-box;\" />*皓量科技：AdBright项目每天会产生数十亿的业务日志数据，目前累计的数据量也达到了一百多PB，我们的数据团队每天需要对这些数据进行受众分析，用户标签分析，数据建模等，从而使得我们的广告能够更精准地投放。<br style=\"box-sizing: border-box;\" />*凯京信达：司机通过APP提交车贷业务申请，公司大数据团队从客户申请信息、客户渠道信息、第三方征信风险数据、客户移动端实时采集的数据等维度对客户进行风险识别。其中移动端数据涉及到客户的APP操作行为、设备相关数据等，涉及到大量风控模型特征变量的实时计算问题。</p>\n</blockquote>\n<h2 style=\"box-sizing: border-box; margin: 24px 0px 16px; padding: 0px 0px 0.3em; font-size: 1.5em; font-weight: 600; color: #24292e; font-family: -apple-system, BlinkMacSystemFont, \'Segoe UI\', Helvetica, Arial, sans-serif; line-height: 1.25; border-bottom: 1px solid #eaecef; font-style: normal; font-variant-ligatures: normal; font-variant-caps: normal; letter-spacing: normal; orphans: 2; text-align: start; text-indent: 0px; text-transform: none; white-space: normal; widows: 2; word-spacing: 0px; -webkit-text-stroke-width: 0px; background-color: #e2ecf6; text-decoration-style: initial; text-decoration-color: initial;\">话题</h2>\n<p style=\"box-sizing: border-box; margin: 0px 0px 16px; padding: 0px; color: #24292e; font-family: -apple-system, BlinkMacSystemFont, \'Segoe UI\', Helvetica, Arial, sans-serif; font-size: 14px; font-style: normal; font-variant-ligatures: normal; font-variant-caps: normal; font-weight: 400; letter-spacing: normal; orphans: 2; text-align: start; text-indent: 0px; text-transform: none; white-space: normal; widows: 2; word-spacing: 0px; -webkit-text-stroke-width: 0px; background-color: #e2ecf6; text-decoration-style: initial; text-decoration-color: initial;\">每个大的应用场景下，都有一些小的具体计算需求，那么你在实时计算中遇到的具体的业务场景是？<br style=\"box-sizing: border-box;\" /><strong style=\"box-sizing: border-box; font-weight: 600;\">For example：</strong><br style=\"box-sizing: border-box;\" />1.用户A：以购物网站为例，如何计算某网站实时uv/pv？<br style=\"box-sizing: border-box;\" />2.用户B：比如我想知道货车师傅最近30分钟之内有没有操作过APP？<br style=\"box-sizing: border-box;\" />3.用户C：要取出一天访问次数TOP20的客户端IP，用SQL可以算出这些IP每分钟的增量值吗？</p>\n<p style=\"box-sizing: border-box; padding: 0px; color: #24292e; font-family: -apple-system, BlinkMacSystemFont, \'Segoe UI\', Helvetica, Arial, sans-serif; font-size: 14px; font-style: normal; font-variant-ligatures: normal; font-variant-caps: normal; font-weight: 400; letter-spacing: normal; orphans: 2; text-align: start; text-indent: 0px; text-transform: none; white-space: normal; widows: 2; word-spacing: 0px; -webkit-text-stroke-width: 0px; background-color: #e2ecf6; text-decoration-style: initial; text-decoration-color: initial; margin: 0px 0px 0px !important 0px;\">除了上述三件礼品外，我们准备了20件礼品回馈给有场景需求的用户，另外也欢迎更多同学提供相关<a style=\"box-sizing: border-box; text-decoration: none; transition: color 0.2s ease 0s; color: #3366ff; background: 0px 0px transparent;\" href=\"https://yq.aliyun.com/articles/663043?spm=a2c4e.11153959.0.0.3ade35e8FRTXtP\" target=\"_blank\" rel=\"noopener\">实践案例</a>！<br style=\"box-sizing: border-box;\" /><img style=\"box-sizing: content-box; border: 0px none; vertical-align: middle; max-width: 100%; background-color: rgba(255, 255, 255, 0.1);\" title=\"_\" src=\"https://yqfile.alicdn.com/6577eb8dc8928d9862a16fbedfdc36cb5824b6be.png\" alt=\"_\" /></p>\n<div id=\"translate-man-app\" class=\"content-3WfBL_0\" style=\"background-color: #ffffff; display: none;\">\n<div class=\"outputBox-qe9A4_0\" data-v-2868eb04=\"\">\n<div class=\"outputBox-3oESn_0\" data-v-2868eb04=\"\">&nbsp;</div>\n<div class=\"outputBox-1GLb__0\" data-v-2868eb04=\"\">\n<div class=\"outputBox-onVZH_0\" data-v-2868eb04=\"\"><img class=\"icon-tprjJ_0\" src=\"moz-extension://f3c35bfe-2002-4b11-8c3d-1bdc547e3caa/static/sound.svg\" /></div>\n</div>\n<div class=\"outputBox-2sJgr_0\" data-v-2868eb04=\"\">&nbsp;</div>\n<div class=\"outputBox-17RAm_0\" style=\"display: none;\" data-v-2868eb04=\"\">\n<div data-v-2868eb04=\"\">&nbsp;</div>\n</div>\n</div>\n</div>', '3', '0', '2019-03-24 15:55:08', '2019-03-24 15:55:08');
INSERT INTO `tb_blog` VALUES ('4', '如何看待GitHub允许免费账户创建私有仓库', 'lucy', '之前需要付费使用的私有代码库，现在可以免费使用了。企业和组织也有了更简单统一的产品GitHub Enterprise。这是微软收购GitHub之后的又一次重大更新，也是开发者首次可以免费在GtiHub上开展私人项目。 TechCrunch发表评论称，这次更新代表着微软对开发者社区的善意。', '<p style=\"box-sizing: border-box; padding: 0px; color: #24292e; font-family: -apple-system, BlinkMacSystemFont, \'Segoe UI\', Helvetica, Arial, sans-serif; font-size: 14px; font-style: normal; font-variant-ligatures: normal; font-variant-caps: normal; font-weight: 400; letter-spacing: normal; orphans: 2; text-align: start; text-indent: 0px; text-transform: none; white-space: normal; widows: 2; word-spacing: 0px; -webkit-text-stroke-width: 0px; background-color: #e2ecf6; text-decoration-style: initial; text-decoration-color: initial; margin: 0px !important 0px 16px 0px;\"><strong style=\"box-sizing: border-box; font-weight: 600;\">之前需要付费使用的私有代码库，现在可以免费使用了。</strong>企业和组织也有了更简单统一的产品GitHub Enterprise。这是微软收购GitHub之后的又一次重大更新，也是开发者首次可以免费在GtiHub上开展私人项目。</p>\n<p style=\"box-sizing: border-box; margin: 0px 0px 16px; padding: 0px; color: #24292e; font-family: -apple-system, BlinkMacSystemFont, \'Segoe UI\', Helvetica, Arial, sans-serif; font-size: 14px; font-style: normal; font-variant-ligatures: normal; font-variant-caps: normal; font-weight: 400; letter-spacing: normal; orphans: 2; text-align: start; text-indent: 0px; text-transform: none; white-space: normal; widows: 2; word-spacing: 0px; -webkit-text-stroke-width: 0px; background-color: #e2ecf6; text-decoration-style: initial; text-decoration-color: initial;\">TechCrunch发表评论称，这次更新代表着微软对开发者社区的善意。更新消息一放出，便引发了开发者的围观与热议。知名社交网站Twitter的更是一夜之间达到5.4K赞数，3.2K转发，科技论坛Hacker News上发布6小时后，热度也已然飙升至1800以上。不少开发者都纷纷评论道，微软发福利了，真的是过年了！</p>\n<p style=\"box-sizing: border-box; margin: 0px 0px 16px; padding: 0px; color: #24292e; font-family: -apple-system, BlinkMacSystemFont, \'Segoe UI\', Helvetica, Arial, sans-serif; font-size: 14px; font-style: normal; font-variant-ligatures: normal; font-variant-caps: normal; font-weight: 400; letter-spacing: normal; orphans: 2; text-align: start; text-indent: 0px; text-transform: none; white-space: normal; widows: 2; word-spacing: 0px; -webkit-text-stroke-width: 0px; background-color: #e2ecf6; text-decoration-style: initial; text-decoration-color: initial;\">此次，GitHub主要带来了两大更新：GitHub Free和Github Enterprise。其中，GitHub Free免费账户现在也能创建无限的私有代码库。开发者可以免费使用GitHub存储他们的私有项目，但每个代码库最多有三名协作者。如果想要更多的协作者，就需要付费。<br style=\"box-sizing: border-box;\" /><img style=\"box-sizing: content-box; border: 0px none; vertical-align: middle; max-width: 100%; background-color: rgba(255, 255, 255, 0.1);\" title=\"2\" src=\"https://yqfile.alicdn.com/c5798dfa3a59c3b12c3796638527b3993fcaf6cf.png\" alt=\"2\" /></p>\n<p style=\"box-sizing: border-box; margin: 0px 0px 16px; padding: 0px; color: #24292e; font-family: -apple-system, BlinkMacSystemFont, \'Segoe UI\', Helvetica, Arial, sans-serif; font-size: 14px; font-style: normal; font-variant-ligatures: normal; font-variant-caps: normal; font-weight: 400; letter-spacing: normal; orphans: 2; text-align: start; text-indent: 0px; text-transform: none; white-space: normal; widows: 2; word-spacing: 0px; -webkit-text-stroke-width: 0px; background-color: #e2ecf6; text-decoration-style: initial; text-decoration-color: initial;\">第二个变化就是Github Enterprise，Github Enterprise是Enterprise Cloud（前身为 GitHub Business Cloud）和 Enterprise Server （前身为 GitHub Enterprise）的统一产品。现在，如果组织想要在云或自托管配置中灵活使用GitHub，只需要使用一个服务的价格就可以使用这两项服务了。<br style=\"box-sizing: border-box;\" /><img style=\"box-sizing: content-box; border: 0px none; vertical-align: middle; max-width: 100%; background-color: rgba(255, 255, 255, 0.1);\" title=\"3\" src=\"https://yqfile.alicdn.com/e093afbfaf95dbc12c4e8b0a57eba47882f456fe.gif\" alt=\"3\" /></p>\n<p style=\"box-sizing: border-box; padding: 0px; color: #24292e; font-family: -apple-system, BlinkMacSystemFont, \'Segoe UI\', Helvetica, Arial, sans-serif; font-size: 14px; font-style: normal; font-variant-ligatures: normal; font-variant-caps: normal; font-weight: 400; letter-spacing: normal; orphans: 2; text-align: start; text-indent: 0px; text-transform: none; white-space: normal; widows: 2; word-spacing: 0px; -webkit-text-stroke-width: 0px; background-color: #e2ecf6; text-decoration-style: initial; text-decoration-color: initial; margin: 0px 0px 0px !important 0px;\">1，对于这次更新，千千万万程序员们怎么看？<br style=\"box-sizing: border-box;\" />2，GitHub的这些免费服务，对于GitLab以及Bitbucket等代码托管平台又会造成什么影响？<br style=\"box-sizing: border-box;\" />3，期待一下，GitHub还会为开源做出哪些方面的贡献？</p>\n<div id=\"translate-man-app\" class=\"content-3WfBL_0\" style=\"background-color: #ffffff; display: none;\">\n<div class=\"outputBox-qe9A4_0\" data-v-2868eb04=\"\">\n<div class=\"outputBox-3oESn_0\" data-v-2868eb04=\"\">&nbsp;</div>\n<div class=\"outputBox-1GLb__0\" data-v-2868eb04=\"\">\n<div class=\"outputBox-onVZH_0\" data-v-2868eb04=\"\"><img class=\"icon-tprjJ_0\" src=\"moz-extension://f3c35bfe-2002-4b11-8c3d-1bdc547e3caa/static/sound.svg\" /></div>\n</div>\n<div class=\"outputBox-2sJgr_0\" data-v-2868eb04=\"\">&nbsp;</div>\n<div class=\"outputBox-17RAm_0\" style=\"display: none;\" data-v-2868eb04=\"\">\n<div data-v-2868eb04=\"\">&nbsp;</div>\n</div>\n</div>\n</div>', '3', '0', '2019-03-24 15:55:09', '2019-03-24 15:55:09');
INSERT INTO `tb_blog` VALUES ('5', '数据千万条，备份第一条，数据找不回，老板两行泪', 'lucy', '直接入题，带着你的回忆看下文，想想你这些年删过的库，被删过的库。。。数据库备份是个老生常谈的话题，看似很简单，但在实际操作过程中，运维人员往往会遇到这样或那样的“坑”。数据库为什么要备份？时至今日，我认为这个问题已经不再是问题了，换个角度来看，数据库备份能规避哪些风险？其实从数据诞生时起就伴随着丢失风险。', '<p style=\"box-sizing: border-box; padding: 0px; color: #24292e; font-family: -apple-system, BlinkMacSystemFont, \'Segoe UI\', Helvetica, Arial, sans-serif; font-size: 14px; font-style: normal; font-variant-ligatures: normal; font-variant-caps: normal; font-weight: 400; letter-spacing: normal; orphans: 2; text-align: start; text-indent: 0px; text-transform: none; white-space: normal; widows: 2; word-spacing: 0px; -webkit-text-stroke-width: 0px; background-color: #e2ecf6; text-decoration-style: initial; text-decoration-color: initial; margin: 0px !important 0px 16px 0px;\" data-spm-anchor-id=\"a2c4e.11154000.rtdmain.i0.a86e3debyCOYhO\">直接入题，带着你的回忆看下文，想想你这些年删过的库，被删过的库。。。<br style=\"box-sizing: border-box;\" /><img style=\"box-sizing: content-box; border: 0px none; vertical-align: middle; max-width: 100%; background-color: rgba(255, 255, 255, 0.1);\" title=\"image\" src=\"https://yqfile.alicdn.com/b3a5ea9edc4a0d8891415e66d944d522dd139f7b.png\" alt=\"image\" /><br style=\"box-sizing: border-box;\" />数据库备份是个老生常谈的话题，看似很简单，但在实际操作过程中，运维人员往往会遇到这样或那样的&ldquo;坑&rdquo;。<br style=\"box-sizing: border-box;\" />数据库为什么要备份？时至今日，我认为这个问题已经不再是问题了，换个角度来看，数据库备份能规避哪些风险？<br style=\"box-sizing: border-box;\" />其实从数据诞生时起就伴随着丢失风险，比如，自然灾难、电力故障、网络故障、硬件故障、软件故障、人为故障等。<br style=\"box-sizing: border-box;\" />上面列举了一大串风险，其现实意义是，你今天躲过了硬件bug，明天避开了雷劈，后天绕开了断电，大后天还是可能会&ldquo;手滑&rdquo;碰到误删除。</p>\n<p style=\"box-sizing: border-box; margin: 0px 0px 16px; padding: 0px; color: #24292e; font-family: -apple-system, BlinkMacSystemFont, \'Segoe UI\', Helvetica, Arial, sans-serif; font-size: 14px; font-style: normal; font-variant-ligatures: normal; font-variant-caps: normal; font-weight: 400; letter-spacing: normal; orphans: 2; text-align: start; text-indent: 0px; text-transform: none; white-space: normal; widows: 2; word-spacing: 0px; -webkit-text-stroke-width: 0px; background-color: #e2ecf6; text-decoration-style: initial; text-decoration-color: initial;\">随着DT时代的到来，企业对数据的依赖程度与日俱增，数据保护早已成为企业的一门必修课。只有拥有先知先觉的防范意识和充分的技术准备，才能&ldquo;覆巢之下，亦有完卵&rdquo;。</p>\n<h4 style=\"box-sizing: border-box; margin: 24px 0px 16px; padding: 0px; font-size: 14px; font-weight: 600; color: #24292e; font-family: -apple-system, BlinkMacSystemFont, \'Segoe UI\', Helvetica, Arial, sans-serif; line-height: 28px; font-style: normal; font-variant-ligatures: normal; font-variant-caps: normal; letter-spacing: normal; orphans: 2; text-align: start; text-indent: 0px; text-transform: none; white-space: normal; widows: 2; word-spacing: 0px; -webkit-text-stroke-width: 0px; background-color: #e2ecf6; text-decoration-style: initial; text-decoration-color: initial;\"><strong style=\"box-sizing: border-box; font-weight: 600;\">与其承受天灾人祸的担忧，为何不选择一个专业的数据库备份方案：</strong></h4>\n<p style=\"box-sizing: border-box; margin: 0px 0px 16px; padding: 0px; color: #24292e; font-family: -apple-system, BlinkMacSystemFont, \'Segoe UI\', Helvetica, Arial, sans-serif; font-size: 14px; font-style: normal; font-variant-ligatures: normal; font-variant-caps: normal; font-weight: 400; letter-spacing: normal; orphans: 2; text-align: start; text-indent: 0px; text-transform: none; white-space: normal; widows: 2; word-spacing: 0px; -webkit-text-stroke-width: 0px; background-color: #e2ecf6; text-decoration-style: initial; text-decoration-color: initial;\"><a style=\"box-sizing: border-box; text-decoration: none; transition: color 0.2s ease 0s; color: #3366ff; background: 0px 0px transparent;\" href=\"https://www.aliyun.com/product/dbs\" target=\"_blank\" rel=\"noopener\">阿里云数据库备份DBS</a>已经商用，作为数据库备份通道，与对象存储OSS一起构建无门槛的云数据库备份解决方案，整个配置过程只需5分钟，就可以实现秒级RPO（Recovery Point Objective恢复点目标，通俗理解是当数据库故障时，允许丢失多长时间数据，RPO越小越好）的实时备份。<br style=\"box-sizing: border-box;\" />除了为数据库提供连续数据保护、低成本的备份服务外，DBS还可在<strong style=\"box-sizing: border-box; font-weight: 600;\">多种环境下提供强有力的数据保护，包括公共云、企业自建数据中心及其他云厂商</strong>。DBS具备低成本、高性能、零风险等优势，为用户提供理想的云数据库备份解决方案。</p>\n<p style=\"box-sizing: border-box; margin: 0px 0px 16px; padding: 0px; color: #24292e; font-family: -apple-system, BlinkMacSystemFont, \'Segoe UI\', Helvetica, Arial, sans-serif; font-size: 14px; font-style: normal; font-variant-ligatures: normal; font-variant-caps: normal; font-weight: 400; letter-spacing: normal; orphans: 2; text-align: start; text-indent: 0px; text-transform: none; white-space: normal; widows: 2; word-spacing: 0px; -webkit-text-stroke-width: 0px; background-color: #e2ecf6; text-decoration-style: initial; text-decoration-color: initial;\"><strong style=\"box-sizing: border-box; font-weight: 600;\">新用户新春享好礼：</strong></p>\n<h4 style=\"box-sizing: border-box; margin: 24px 0px 16px; padding: 0px; font-size: 14px; font-weight: 600; color: #24292e; font-family: -apple-system, BlinkMacSystemFont, \'Segoe UI\', Helvetica, Arial, sans-serif; line-height: 28px; font-style: normal; font-variant-ligatures: normal; font-variant-caps: normal; letter-spacing: normal; orphans: 2; text-align: start; text-indent: 0px; text-transform: none; white-space: normal; widows: 2; word-spacing: 0px; -webkit-text-stroke-width: 0px; background-color: #e2ecf6; text-decoration-style: initial; text-decoration-color: initial;\"><a style=\"box-sizing: border-box; text-decoration: none; transition: color 0.2s ease 0s; color: #3366ff; background: 0px 0px transparent;\" href=\"https://m.aliyun.com/markets/aliyun/act/dbs_discount\" target=\"_blank\" rel=\"noopener\">通过此活动页面下单，新用户独享1元体验2个月!!! 前所未有的无门槛，数据库实时备份上云，点击体验</a></h4>\n<p style=\"box-sizing: border-box; padding: 0px; color: #24292e; font-family: -apple-system, BlinkMacSystemFont, \'Segoe UI\', Helvetica, Arial, sans-serif; font-size: 14px; font-style: normal; font-variant-ligatures: normal; font-variant-caps: normal; font-weight: 400; letter-spacing: normal; orphans: 2; text-align: start; text-indent: 0px; text-transform: none; white-space: normal; widows: 2; word-spacing: 0px; -webkit-text-stroke-width: 0px; background-color: #e2ecf6; text-decoration-style: initial; text-decoration-color: initial; margin: 0px 0px 0px !important 0px;\">到这里，回忆该结束了，说说：<br style=\"box-sizing: border-box;\" />1、这些年，你删过的库，产生怎样的事件塌陷？（不要逞强说没有&hellip;&hellip;)<br style=\"box-sizing: border-box;\" />2、在你遇到的删库和被删时，数据恢复是否顺利？<br style=\"box-sizing: border-box;\" />3、拥有数据库备份DBS，从此开车会更稳，老板更安心，你说对么？</p>\n<div id=\"translate-man-app\" class=\"content-3WfBL_0\" style=\"background-color: #ffffff; display: none;\">\n<div class=\"outputBox-qe9A4_0\" data-v-2868eb04=\"\">\n<div class=\"outputBox-3oESn_0\" data-v-2868eb04=\"\">&nbsp;</div>\n<div class=\"outputBox-1GLb__0\" data-v-2868eb04=\"\">\n<div class=\"outputBox-onVZH_0\" data-v-2868eb04=\"\"><img class=\"icon-tprjJ_0\" src=\"moz-extension://f3c35bfe-2002-4b11-8c3d-1bdc547e3caa/static/sound.svg\" /></div>\n</div>\n<div class=\"outputBox-2sJgr_0\" data-v-2868eb04=\"\">&nbsp;</div>\n<div class=\"outputBox-17RAm_0\" style=\"display: none;\" data-v-2868eb04=\"\">\n<div data-v-2868eb04=\"\">&nbsp;</div>\n</div>\n</div>\n</div>', '3', '0', '2019-03-24 15:55:10', '2019-03-24 15:55:10');
INSERT INTO `tb_blog` VALUES ('6', '3-5年的程序员的发展和出路在哪？？', 'lian', '最近有一个工作3年多的朋友问我，他很迷茫，是继续做技术，还是转产品，或是转管理，总之就是不知道出路在哪？ 3—5年的程序员们，面临一个尴尬的问题，如果没有能力，入行一两年的新程序员朋友是可以替代你大部分工作的，而且薪资还低。如果有能力，又必须要思考今后的职业方向。所以，这既是程序员们的黄金时期同时又是最迷茫的时期。', '<p style=\"box-sizing: border-box; padding: 0px; color: #24292e; font-family: -apple-system, BlinkMacSystemFont, \'Segoe UI\', Helvetica, Arial, sans-serif; font-size: 14px; font-style: normal; font-variant-ligatures: normal; font-variant-caps: normal; font-weight: 400; letter-spacing: normal; orphans: 2; text-align: start; text-indent: 0px; text-transform: none; white-space: normal; widows: 2; word-spacing: 0px; -webkit-text-stroke-width: 0px; background-color: #e2ecf6; text-decoration-style: initial; text-decoration-color: initial; margin: 0px !important 0px 16px 0px;\"><img style=\"box-sizing: content-box; border: 0px none; vertical-align: middle; max-width: 100%; background-color: rgba(255, 255, 255, 0.1);\" title=\"timg\" src=\"https://yqfile.alicdn.com/2abc3f53a8d022e9eb9f4d9109857a112093f2b1.jpeg\" alt=\"timg\" /></p>\n<p style=\"box-sizing: border-box; margin: 0px 0px 16px; padding: 0px; color: #24292e; font-family: -apple-system, BlinkMacSystemFont, \'Segoe UI\', Helvetica, Arial, sans-serif; font-size: 14px; font-style: normal; font-variant-ligatures: normal; font-variant-caps: normal; font-weight: 400; letter-spacing: normal; orphans: 2; text-align: start; text-indent: 0px; text-transform: none; white-space: normal; widows: 2; word-spacing: 0px; -webkit-text-stroke-width: 0px; background-color: #e2ecf6; text-decoration-style: initial; text-decoration-color: initial;\">最近有一个工作3年多的朋友问我，他很迷茫，是继续做技术，还是转产品，或是转管理，总之就是不知道出路在哪？</p>\n<p style=\"box-sizing: border-box; margin: 0px 0px 16px; padding: 0px; color: #24292e; font-family: -apple-system, BlinkMacSystemFont, \'Segoe UI\', Helvetica, Arial, sans-serif; font-size: 14px; font-style: normal; font-variant-ligatures: normal; font-variant-caps: normal; font-weight: 400; letter-spacing: normal; orphans: 2; text-align: start; text-indent: 0px; text-transform: none; white-space: normal; widows: 2; word-spacing: 0px; -webkit-text-stroke-width: 0px; background-color: #e2ecf6; text-decoration-style: initial; text-decoration-color: initial;\">3&mdash;5年的程序员们，面临一个尴尬的问题，如果没有能力，入行一两年的新程序员朋友是可以替代你大部分工作的，而且薪资还低。如果有能力，又必须要思考今后的职业方向。所以，这既是程序员们的黄金时期同时又是最迷茫的时期</p>\n<p style=\"box-sizing: border-box; margin: 0px 0px 16px; padding: 0px; color: #24292e; font-family: -apple-system, BlinkMacSystemFont, \'Segoe UI\', Helvetica, Arial, sans-serif; font-size: 14px; font-style: normal; font-variant-ligatures: normal; font-variant-caps: normal; font-weight: 400; letter-spacing: normal; orphans: 2; text-align: start; text-indent: 0px; text-transform: none; white-space: normal; widows: 2; word-spacing: 0px; -webkit-text-stroke-width: 0px; background-color: #e2ecf6; text-decoration-style: initial; text-decoration-color: initial;\">是继续做技术人，还是向管理者发力？是继续留在大公司，还是转投潜力小公司？</p>\n<p style=\"box-sizing: border-box; margin: 0px 0px 16px; padding: 0px; color: #24292e; font-family: -apple-system, BlinkMacSystemFont, \'Segoe UI\', Helvetica, Arial, sans-serif; font-size: 14px; font-style: normal; font-variant-ligatures: normal; font-variant-caps: normal; font-weight: 400; letter-spacing: normal; orphans: 2; text-align: start; text-indent: 0px; text-transform: none; white-space: normal; widows: 2; word-spacing: 0px; -webkit-text-stroke-width: 0px; background-color: #e2ecf6; text-decoration-style: initial; text-decoration-color: initial;\">我个人认为，最主要还是正确认识自己，坚持学习，更新知识。</p>\n<p style=\"box-sizing: border-box; margin: 0px 0px 16px; padding: 0px; color: #24292e; font-family: -apple-system, BlinkMacSystemFont, \'Segoe UI\', Helvetica, Arial, sans-serif; font-size: 14px; font-style: normal; font-variant-ligatures: normal; font-variant-caps: normal; font-weight: 400; letter-spacing: normal; orphans: 2; text-align: start; text-indent: 0px; text-transform: none; white-space: normal; widows: 2; word-spacing: 0px; -webkit-text-stroke-width: 0px; background-color: #e2ecf6; text-decoration-style: initial; text-decoration-color: initial;\">如果你想做技术，那就巩固，扎实自己已知的东西，不断学习新的东西。学习架构，了解性能等等。这样才能在一些方面达到资深的程度。</p>\n<p style=\"box-sizing: border-box; margin: 0px 0px 16px; padding: 0px; color: #24292e; font-family: -apple-system, BlinkMacSystemFont, \'Segoe UI\', Helvetica, Arial, sans-serif; font-size: 14px; font-style: normal; font-variant-ligatures: normal; font-variant-caps: normal; font-weight: 400; letter-spacing: normal; orphans: 2; text-align: start; text-indent: 0px; text-transform: none; white-space: normal; widows: 2; word-spacing: 0px; -webkit-text-stroke-width: 0px; background-color: #e2ecf6; text-decoration-style: initial; text-decoration-color: initial;\">如果想做产品，那就学习产品相关的知识技术，锻炼自己的思维逻辑，试着理解产品和用户。</p>\n<p style=\"box-sizing: border-box; margin: 0px 0px 16px; padding: 0px; color: #24292e; font-family: -apple-system, BlinkMacSystemFont, \'Segoe UI\', Helvetica, Arial, sans-serif; font-size: 14px; font-style: normal; font-variant-ligatures: normal; font-variant-caps: normal; font-weight: 400; letter-spacing: normal; orphans: 2; text-align: start; text-indent: 0px; text-transform: none; white-space: normal; widows: 2; word-spacing: 0px; -webkit-text-stroke-width: 0px; background-color: #e2ecf6; text-decoration-style: initial; text-decoration-color: initial;\">如果你想做管理，那就锻炼自己的沟通能力，管理能力。</p>\n<p style=\"box-sizing: border-box; margin: 0px 0px 16px; padding: 0px; color: #24292e; font-family: -apple-system, BlinkMacSystemFont, \'Segoe UI\', Helvetica, Arial, sans-serif; font-size: 14px; font-style: normal; font-variant-ligatures: normal; font-variant-caps: normal; font-weight: 400; letter-spacing: normal; orphans: 2; text-align: start; text-indent: 0px; text-transform: none; white-space: normal; widows: 2; word-spacing: 0px; -webkit-text-stroke-width: 0px; background-color: #e2ecf6; text-decoration-style: initial; text-decoration-color: initial;\">只有具备了某些能力，机会和选择来临的时候，才能清楚的知道该怎么选择。</p>\n<h2 style=\"box-sizing: border-box; padding: 0px 0px 0.3em; font-size: 1.5em; font-weight: 600; color: #24292e; font-family: -apple-system, BlinkMacSystemFont, \'Segoe UI\', Helvetica, Arial, sans-serif; line-height: 1.25; border-bottom: 1px solid #eaecef; font-style: normal; font-variant-ligatures: normal; font-variant-caps: normal; letter-spacing: normal; orphans: 2; text-align: start; text-indent: 0px; text-transform: none; white-space: normal; widows: 2; word-spacing: 0px; -webkit-text-stroke-width: 0px; background-color: #e2ecf6; text-decoration-style: initial; text-decoration-color: initial; margin: 24px 0px 0px !important 0px;\">那么我想问问大家，3&mdash;5年程序员的发展和出路在哪里？</h2>\n<div id=\"translate-man-app\" class=\"content-3WfBL_0\" style=\"background-color: #ffffff; display: none;\">\n<div class=\"outputBox-qe9A4_0\" data-v-2868eb04=\"\">\n<div class=\"outputBox-3oESn_0\" data-v-2868eb04=\"\">&nbsp;</div>\n<div class=\"outputBox-1GLb__0\" data-v-2868eb04=\"\">\n<div class=\"outputBox-onVZH_0\" data-v-2868eb04=\"\"><img class=\"icon-tprjJ_0\" src=\"moz-extension://f3c35bfe-2002-4b11-8c3d-1bdc547e3caa/static/sound.svg\" /></div>\n</div>\n<div class=\"outputBox-2sJgr_0\" data-v-2868eb04=\"\">&nbsp;</div>\n<div class=\"outputBox-17RAm_0\" style=\"display: none;\" data-v-2868eb04=\"\">\n<div data-v-2868eb04=\"\">&nbsp;</div>\n</div>\n</div>\n</div>', '3', '0', '2019-03-01 15:55:11', '2019-03-24 15:55:11');
INSERT INTO `tb_blog` VALUES ('7', '三七女生节，邀你一起解密阿里女程序员们的代码诗！', 'lucy', '女生节快要到了，小编火速在阿里的程序员群体中发掘出了一群美女！和大家分享下，阿里背后写代码、修bug的女生们！ 巾帼不让须眉，如今越来越多的女性同胞参与到IT行业，这个行业因为她们的参与，才显得更加精彩，因为她们的出现，才有了更多活力。', '<p style=\"box-sizing: border-box; padding: 0px; color: #24292e; font-family: -apple-system, BlinkMacSystemFont, \'Segoe UI\', Helvetica, Arial, sans-serif; font-size: 14px; font-style: normal; font-variant-ligatures: normal; font-variant-caps: normal; font-weight: 400; letter-spacing: normal; orphans: 2; text-align: start; text-indent: 0px; text-transform: none; white-space: normal; widows: 2; word-spacing: 0px; -webkit-text-stroke-width: 0px; background-color: #e2ecf6; text-decoration-style: initial; text-decoration-color: initial; margin: 0px !important 0px 16px 0px;\" data-spm-anchor-id=\"a2c4e.11154000.rtdmain.i0.7b4015c6Ix8FOj\">女生节快要到了，小编火速在阿里的程序员群体中发掘出了一群美女！和大家分享下，阿里背后写代码、修bug的女生们！</p>\n<p style=\"box-sizing: border-box; margin: 0px 0px 16px; padding: 0px; color: #24292e; font-family: -apple-system, BlinkMacSystemFont, \'Segoe UI\', Helvetica, Arial, sans-serif; font-size: 14px; font-style: normal; font-variant-ligatures: normal; font-variant-caps: normal; font-weight: 400; letter-spacing: normal; orphans: 2; text-align: start; text-indent: 0px; text-transform: none; white-space: normal; widows: 2; word-spacing: 0px; -webkit-text-stroke-width: 0px; background-color: #e2ecf6; text-decoration-style: initial; text-decoration-color: initial;\">巾帼不让须眉，如今越来越多的女性同胞参与到IT行业，这个行业因为她们的参与，才显得更加精彩，因为她们的出现，才有了更多活力。</p>\n<p style=\"box-sizing: border-box; margin: 0px 0px 16px; padding: 0px; color: #24292e; font-family: -apple-system, BlinkMacSystemFont, \'Segoe UI\', Helvetica, Arial, sans-serif; font-size: 14px; font-style: normal; font-variant-ligatures: normal; font-variant-caps: normal; font-weight: 400; letter-spacing: normal; orphans: 2; text-align: start; text-indent: 0px; text-transform: none; white-space: normal; widows: 2; word-spacing: 0px; -webkit-text-stroke-width: 0px; background-color: #e2ecf6; text-decoration-style: initial; text-decoration-color: initial;\">云栖社区为此推出&ldquo;三七&rdquo;女生节特别分享，16位才华横溢的阿里女生们同一时间向你发出代码诗，快来解密吧！</p>\n<h2 style=\"box-sizing: border-box; margin: 24px 0px 16px; padding: 0px 0px 0.3em; font-size: 1.5em; font-weight: 600; color: #24292e; font-family: -apple-system, BlinkMacSystemFont, \'Segoe UI\', Helvetica, Arial, sans-serif; line-height: 1.25; border-bottom: 1px solid #eaecef; font-style: normal; font-variant-ligatures: normal; font-variant-caps: normal; letter-spacing: normal; orphans: 2; text-align: start; text-indent: 0px; text-transform: none; white-space: normal; widows: 2; word-spacing: 0px; -webkit-text-stroke-width: 0px; background-color: #e2ecf6; text-decoration-style: initial; text-decoration-color: initial;\">01 辰颜</h2>\n<p style=\"box-sizing: border-box; margin: 0px 0px 16px; padding: 0px; color: #24292e; font-family: -apple-system, BlinkMacSystemFont, \'Segoe UI\', Helvetica, Arial, sans-serif; font-size: 14px; font-style: normal; font-variant-ligatures: normal; font-variant-caps: normal; font-weight: 400; letter-spacing: normal; orphans: 2; text-align: start; text-indent: 0px; text-transform: none; white-space: normal; widows: 2; word-spacing: 0px; -webkit-text-stroke-width: 0px; background-color: #e2ecf6; text-decoration-style: initial; text-decoration-color: initial;\"><img style=\"box-sizing: content-box; border: 0px none; vertical-align: middle; max-width: 100%; background-color: rgba(255, 255, 255, 0.1);\" title=\"__meitu_2\" src=\"https://yqfile.alicdn.com/ef3d3697ff66c328ae857df9c50c71f72749c0ba.jpeg\" alt=\"__meitu_2\" /></p>\n<h2 style=\"box-sizing: border-box; margin: 24px 0px 16px; padding: 0px 0px 0.3em; font-size: 1.5em; font-weight: 600; color: #24292e; font-family: -apple-system, BlinkMacSystemFont, \'Segoe UI\', Helvetica, Arial, sans-serif; line-height: 1.25; border-bottom: 1px solid #eaecef; font-style: normal; font-variant-ligatures: normal; font-variant-caps: normal; letter-spacing: normal; orphans: 2; text-align: start; text-indent: 0px; text-transform: none; white-space: normal; widows: 2; word-spacing: 0px; -webkit-text-stroke-width: 0px; background-color: #e2ecf6; text-decoration-style: initial; text-decoration-color: initial;\">02 凉安</h2>\n<p style=\"box-sizing: border-box; margin: 0px 0px 16px; padding: 0px; color: #24292e; font-family: -apple-system, BlinkMacSystemFont, \'Segoe UI\', Helvetica, Arial, sans-serif; font-size: 14px; font-style: normal; font-variant-ligatures: normal; font-variant-caps: normal; font-weight: 400; letter-spacing: normal; orphans: 2; text-align: start; text-indent: 0px; text-transform: none; white-space: normal; widows: 2; word-spacing: 0px; -webkit-text-stroke-width: 0px; background-color: #e2ecf6; text-decoration-style: initial; text-decoration-color: initial;\"><img style=\"box-sizing: content-box; border: 0px none; vertical-align: middle; max-width: 100%; background-color: rgba(255, 255, 255, 0.1);\" title=\"__meitu_3\" src=\"https://yqfile.alicdn.com/edf236b875ea5c9e08b07ccf414f2b9e313a3fa2.jpeg\" alt=\"__meitu_3\" /></p>\n<h2 style=\"box-sizing: border-box; margin: 24px 0px 16px; padding: 0px 0px 0.3em; font-size: 1.5em; font-weight: 600; color: #24292e; font-family: -apple-system, BlinkMacSystemFont, \'Segoe UI\', Helvetica, Arial, sans-serif; line-height: 1.25; border-bottom: 1px solid #eaecef; font-style: normal; font-variant-ligatures: normal; font-variant-caps: normal; letter-spacing: normal; orphans: 2; text-align: start; text-indent: 0px; text-transform: none; white-space: normal; widows: 2; word-spacing: 0px; -webkit-text-stroke-width: 0px; background-color: #e2ecf6; text-decoration-style: initial; text-decoration-color: initial;\">03 聆一</h2>\n<p style=\"box-sizing: border-box; margin: 0px 0px 16px; padding: 0px; color: #24292e; font-family: -apple-system, BlinkMacSystemFont, \'Segoe UI\', Helvetica, Arial, sans-serif; font-size: 14px; font-style: normal; font-variant-ligatures: normal; font-variant-caps: normal; font-weight: 400; letter-spacing: normal; orphans: 2; text-align: start; text-indent: 0px; text-transform: none; white-space: normal; widows: 2; word-spacing: 0px; -webkit-text-stroke-width: 0px; background-color: #e2ecf6; text-decoration-style: initial; text-decoration-color: initial;\"><img style=\"box-sizing: content-box; border: 0px none; vertical-align: middle; max-width: 100%; background-color: rgba(255, 255, 255, 0.1);\" title=\"__meitu_4\" src=\"https://yqfile.alicdn.com/12eaec66ad0b6308365e6d976a115e8e46c2270c.jpeg\" alt=\"__meitu_4\" /></p>\n<h2 style=\"box-sizing: border-box; margin: 24px 0px 16px; padding: 0px 0px 0.3em; font-size: 1.5em; font-weight: 600; color: #24292e; font-family: -apple-system, BlinkMacSystemFont, \'Segoe UI\', Helvetica, Arial, sans-serif; line-height: 1.25; border-bottom: 1px solid #eaecef; font-style: normal; font-variant-ligatures: normal; font-variant-caps: normal; letter-spacing: normal; orphans: 2; text-align: start; text-indent: 0px; text-transform: none; white-space: normal; widows: 2; word-spacing: 0px; -webkit-text-stroke-width: 0px; background-color: #e2ecf6; text-decoration-style: initial; text-decoration-color: initial;\">04 米悠</h2>\n<p style=\"box-sizing: border-box; margin: 0px 0px 16px; padding: 0px; color: #24292e; font-family: -apple-system, BlinkMacSystemFont, \'Segoe UI\', Helvetica, Arial, sans-serif; font-size: 14px; font-style: normal; font-variant-ligatures: normal; font-variant-caps: normal; font-weight: 400; letter-spacing: normal; orphans: 2; text-align: start; text-indent: 0px; text-transform: none; white-space: normal; widows: 2; word-spacing: 0px; -webkit-text-stroke-width: 0px; background-color: #e2ecf6; text-decoration-style: initial; text-decoration-color: initial;\"><img style=\"box-sizing: content-box; border: 0px none; vertical-align: middle; max-width: 100%; background-color: rgba(255, 255, 255, 0.1);\" title=\"__meitu_5\" src=\"https://yqfile.alicdn.com/8d3c7dd9277720ce3f77446fdc84f1c4f00f5966.jpeg\" alt=\"__meitu_5\" /></p>\n<h2 style=\"box-sizing: border-box; margin: 24px 0px 16px; padding: 0px 0px 0.3em; font-size: 1.5em; font-weight: 600; color: #24292e; font-family: -apple-system, BlinkMacSystemFont, \'Segoe UI\', Helvetica, Arial, sans-serif; line-height: 1.25; border-bottom: 1px solid #eaecef; font-style: normal; font-variant-ligatures: normal; font-variant-caps: normal; letter-spacing: normal; orphans: 2; text-align: start; text-indent: 0px; text-transform: none; white-space: normal; widows: 2; word-spacing: 0px; -webkit-text-stroke-width: 0px; background-color: #e2ecf6; text-decoration-style: initial; text-decoration-color: initial;\">05 念卿</h2>\n<p style=\"box-sizing: border-box; margin: 0px 0px 16px; padding: 0px; color: #24292e; font-family: -apple-system, BlinkMacSystemFont, \'Segoe UI\', Helvetica, Arial, sans-serif; font-size: 14px; font-style: normal; font-variant-ligatures: normal; font-variant-caps: normal; font-weight: 400; letter-spacing: normal; orphans: 2; text-align: start; text-indent: 0px; text-transform: none; white-space: normal; widows: 2; word-spacing: 0px; -webkit-text-stroke-width: 0px; background-color: #e2ecf6; text-decoration-style: initial; text-decoration-color: initial;\"><img style=\"box-sizing: content-box; border: 0px none; vertical-align: middle; max-width: 100%; background-color: rgba(255, 255, 255, 0.1);\" title=\"__meitu_6\" src=\"https://yqfile.alicdn.com/d61110d9d4988265c28664fabf1a76c45ca3e402.jpeg\" alt=\"__meitu_6\" /></p>\n<h2 style=\"box-sizing: border-box; margin: 24px 0px 16px; padding: 0px 0px 0.3em; font-size: 1.5em; font-weight: 600; color: #24292e; font-family: -apple-system, BlinkMacSystemFont, \'Segoe UI\', Helvetica, Arial, sans-serif; line-height: 1.25; border-bottom: 1px solid #eaecef; font-style: normal; font-variant-ligatures: normal; font-variant-caps: normal; letter-spacing: normal; orphans: 2; text-align: start; text-indent: 0px; text-transform: none; white-space: normal; widows: 2; word-spacing: 0px; -webkit-text-stroke-width: 0px; background-color: #e2ecf6; text-decoration-style: initial; text-decoration-color: initial;\">06 牵尘</h2>\n<p style=\"box-sizing: border-box; margin: 0px 0px 16px; padding: 0px; color: #24292e; font-family: -apple-system, BlinkMacSystemFont, \'Segoe UI\', Helvetica, Arial, sans-serif; font-size: 14px; font-style: normal; font-variant-ligatures: normal; font-variant-caps: normal; font-weight: 400; letter-spacing: normal; orphans: 2; text-align: start; text-indent: 0px; text-transform: none; white-space: normal; widows: 2; word-spacing: 0px; -webkit-text-stroke-width: 0px; background-color: #e2ecf6; text-decoration-style: initial; text-decoration-color: initial;\"><img style=\"box-sizing: content-box; border: 0px none; vertical-align: middle; max-width: 100%; background-color: rgba(255, 255, 255, 0.1);\" title=\"__meitu_7\" src=\"https://yqfile.alicdn.com/576849444de6fe89e0c8c9d160fd1b91cfe215a6.jpeg\" alt=\"__meitu_7\" /></p>\n<h2 style=\"box-sizing: border-box; margin: 24px 0px 16px; padding: 0px 0px 0.3em; font-size: 1.5em; font-weight: 600; color: #24292e; font-family: -apple-system, BlinkMacSystemFont, \'Segoe UI\', Helvetica, Arial, sans-serif; line-height: 1.25; border-bottom: 1px solid #eaecef; font-style: normal; font-variant-ligatures: normal; font-variant-caps: normal; letter-spacing: normal; orphans: 2; text-align: start; text-indent: 0px; text-transform: none; white-space: normal; widows: 2; word-spacing: 0px; -webkit-text-stroke-width: 0px; background-color: #e2ecf6; text-decoration-style: initial; text-decoration-color: initial;\">07 瑞清</h2>\n<p style=\"box-sizing: border-box; margin: 0px 0px 16px; padding: 0px; color: #24292e; font-family: -apple-system, BlinkMacSystemFont, \'Segoe UI\', Helvetica, Arial, sans-serif; font-size: 14px; font-style: normal; font-variant-ligatures: normal; font-variant-caps: normal; font-weight: 400; letter-spacing: normal; orphans: 2; text-align: start; text-indent: 0px; text-transform: none; white-space: normal; widows: 2; word-spacing: 0px; -webkit-text-stroke-width: 0px; background-color: #e2ecf6; text-decoration-style: initial; text-decoration-color: initial;\"><img style=\"box-sizing: content-box; border: 0px none; vertical-align: middle; max-width: 100%; background-color: rgba(255, 255, 255, 0.1);\" title=\"__meitu_8\" src=\"https://yqfile.alicdn.com/e65910417808c75ace8ae4a56b862945879c5367.jpeg\" alt=\"__meitu_8\" /></p>\n<h2 style=\"box-sizing: border-box; margin: 24px 0px 16px; padding: 0px 0px 0.3em; font-size: 1.5em; font-weight: 600; color: #24292e; font-family: -apple-system, BlinkMacSystemFont, \'Segoe UI\', Helvetica, Arial, sans-serif; line-height: 1.25; border-bottom: 1px solid #eaecef; font-style: normal; font-variant-ligatures: normal; font-variant-caps: normal; letter-spacing: normal; orphans: 2; text-align: start; text-indent: 0px; text-transform: none; white-space: normal; widows: 2; word-spacing: 0px; -webkit-text-stroke-width: 0px; background-color: #e2ecf6; text-decoration-style: initial; text-decoration-color: initial;\">08 萨若</h2>\n<p style=\"box-sizing: border-box; margin: 0px 0px 16px; padding: 0px; color: #24292e; font-family: -apple-system, BlinkMacSystemFont, \'Segoe UI\', Helvetica, Arial, sans-serif; font-size: 14px; font-style: normal; font-variant-ligatures: normal; font-variant-caps: normal; font-weight: 400; letter-spacing: normal; orphans: 2; text-align: start; text-indent: 0px; text-transform: none; white-space: normal; widows: 2; word-spacing: 0px; -webkit-text-stroke-width: 0px; background-color: #e2ecf6; text-decoration-style: initial; text-decoration-color: initial;\"><img style=\"box-sizing: content-box; border: 0px none; vertical-align: middle; max-width: 100%; background-color: rgba(255, 255, 255, 0.1);\" title=\"__meitu_9\" src=\"https://yqfile.alicdn.com/f2b0d907595ccdd9e5d6487e0c5ecfa56b5efd26.jpeg\" alt=\"__meitu_9\" /></p>\n<h2 style=\"box-sizing: border-box; margin: 24px 0px 16px; padding: 0px 0px 0.3em; font-size: 1.5em; font-weight: 600; color: #24292e; font-family: -apple-system, BlinkMacSystemFont, \'Segoe UI\', Helvetica, Arial, sans-serif; line-height: 1.25; border-bottom: 1px solid #eaecef; font-style: normal; font-variant-ligatures: normal; font-variant-caps: normal; letter-spacing: normal; orphans: 2; text-align: start; text-indent: 0px; text-transform: none; white-space: normal; widows: 2; word-spacing: 0px; -webkit-text-stroke-width: 0px; background-color: #e2ecf6; text-decoration-style: initial; text-decoration-color: initial;\">09 维棠</h2>\n<p style=\"box-sizing: border-box; margin: 0px 0px 16px; padding: 0px; color: #24292e; font-family: -apple-system, BlinkMacSystemFont, \'Segoe UI\', Helvetica, Arial, sans-serif; font-size: 14px; font-style: normal; font-variant-ligatures: normal; font-variant-caps: normal; font-weight: 400; letter-spacing: normal; orphans: 2; text-align: start; text-indent: 0px; text-transform: none; white-space: normal; widows: 2; word-spacing: 0px; -webkit-text-stroke-width: 0px; background-color: #e2ecf6; text-decoration-style: initial; text-decoration-color: initial;\"><img style=\"box-sizing: content-box; border: 0px none; vertical-align: middle; max-width: 100%; background-color: rgba(255, 255, 255, 0.1);\" title=\"__meitu_10\" src=\"https://yqfile.alicdn.com/a1a9c4fac60afa1639098f0f934c797ef7f16320.jpeg\" alt=\"__meitu_10\" /></p>\n<h2 style=\"box-sizing: border-box; margin: 24px 0px 16px; padding: 0px 0px 0.3em; font-size: 1.5em; font-weight: 600; color: #24292e; font-family: -apple-system, BlinkMacSystemFont, \'Segoe UI\', Helvetica, Arial, sans-serif; line-height: 1.25; border-bottom: 1px solid #eaecef; font-style: normal; font-variant-ligatures: normal; font-variant-caps: normal; letter-spacing: normal; orphans: 2; text-align: start; text-indent: 0px; text-transform: none; white-space: normal; widows: 2; word-spacing: 0px; -webkit-text-stroke-width: 0px; background-color: #e2ecf6; text-decoration-style: initial; text-decoration-color: initial;\">10 璇戈</h2>\n<p style=\"box-sizing: border-box; margin: 0px 0px 16px; padding: 0px; color: #24292e; font-family: -apple-system, BlinkMacSystemFont, \'Segoe UI\', Helvetica, Arial, sans-serif; font-size: 14px; font-style: normal; font-variant-ligatures: normal; font-variant-caps: normal; font-weight: 400; letter-spacing: normal; orphans: 2; text-align: start; text-indent: 0px; text-transform: none; white-space: normal; widows: 2; word-spacing: 0px; -webkit-text-stroke-width: 0px; background-color: #e2ecf6; text-decoration-style: initial; text-decoration-color: initial;\"><img style=\"box-sizing: content-box; border: 0px none; vertical-align: middle; max-width: 100%; background-color: rgba(255, 255, 255, 0.1);\" title=\"__meitu_11\" src=\"https://yqfile.alicdn.com/7f761f9d1a6b55f7406b5798ab9afe0a6f07b7d5.jpeg\" alt=\"__meitu_11\" /></p>\n<h2 style=\"box-sizing: border-box; margin: 24px 0px 16px; padding: 0px 0px 0.3em; font-size: 1.5em; font-weight: 600; color: #24292e; font-family: -apple-system, BlinkMacSystemFont, \'Segoe UI\', Helvetica, Arial, sans-serif; line-height: 1.25; border-bottom: 1px solid #eaecef; font-style: normal; font-variant-ligatures: normal; font-variant-caps: normal; letter-spacing: normal; orphans: 2; text-align: start; text-indent: 0px; text-transform: none; white-space: normal; widows: 2; word-spacing: 0px; -webkit-text-stroke-width: 0px; background-color: #e2ecf6; text-decoration-style: initial; text-decoration-color: initial;\">11 雪滴</h2>\n<p style=\"box-sizing: border-box; margin: 0px 0px 16px; padding: 0px; color: #24292e; font-family: -apple-system, BlinkMacSystemFont, \'Segoe UI\', Helvetica, Arial, sans-serif; font-size: 14px; font-style: normal; font-variant-ligatures: normal; font-variant-caps: normal; font-weight: 400; letter-spacing: normal; orphans: 2; text-align: start; text-indent: 0px; text-transform: none; white-space: normal; widows: 2; word-spacing: 0px; -webkit-text-stroke-width: 0px; background-color: #e2ecf6; text-decoration-style: initial; text-decoration-color: initial;\"><img style=\"box-sizing: content-box; border: 0px none; vertical-align: middle; max-width: 100%; background-color: rgba(255, 255, 255, 0.1);\" title=\"__meitu_12\" src=\"https://yqfile.alicdn.com/a79b39896a45525f95a60ddf3089481ffc1a6b19.jpeg\" alt=\"__meitu_12\" /></p>\n<h2 style=\"box-sizing: border-box; margin: 24px 0px 16px; padding: 0px 0px 0.3em; font-size: 1.5em; font-weight: 600; color: #24292e; font-family: -apple-system, BlinkMacSystemFont, \'Segoe UI\', Helvetica, Arial, sans-serif; line-height: 1.25; border-bottom: 1px solid #eaecef; font-style: normal; font-variant-ligatures: normal; font-variant-caps: normal; letter-spacing: normal; orphans: 2; text-align: start; text-indent: 0px; text-transform: none; white-space: normal; widows: 2; word-spacing: 0px; -webkit-text-stroke-width: 0px; background-color: #e2ecf6; text-decoration-style: initial; text-decoration-color: initial;\">12 依诺</h2>\n<p style=\"box-sizing: border-box; margin: 0px 0px 16px; padding: 0px; color: #24292e; font-family: -apple-system, BlinkMacSystemFont, \'Segoe UI\', Helvetica, Arial, sans-serif; font-size: 14px; font-style: normal; font-variant-ligatures: normal; font-variant-caps: normal; font-weight: 400; letter-spacing: normal; orphans: 2; text-align: start; text-indent: 0px; text-transform: none; white-space: normal; widows: 2; word-spacing: 0px; -webkit-text-stroke-width: 0px; background-color: #e2ecf6; text-decoration-style: initial; text-decoration-color: initial;\"><img style=\"box-sizing: content-box; border: 0px none; vertical-align: middle; max-width: 100%; background-color: rgba(255, 255, 255, 0.1);\" title=\"__meitu_13\" src=\"https://yqfile.alicdn.com/23ba481aeadacda616ce354e4bfe1fee7e8660a2.jpeg\" alt=\"__meitu_13\" /></p>\n<h2 style=\"box-sizing: border-box; margin: 24px 0px 16px; padding: 0px 0px 0.3em; font-size: 1.5em; font-weight: 600; color: #24292e; font-family: -apple-system, BlinkMacSystemFont, \'Segoe UI\', Helvetica, Arial, sans-serif; line-height: 1.25; border-bottom: 1px solid #eaecef; font-style: normal; font-variant-ligatures: normal; font-variant-caps: normal; letter-spacing: normal; orphans: 2; text-align: start; text-indent: 0px; text-transform: none; white-space: normal; widows: 2; word-spacing: 0px; -webkit-text-stroke-width: 0px; background-color: #e2ecf6; text-decoration-style: initial; text-decoration-color: initial;\">13 以夕</h2>\n<p style=\"box-sizing: border-box; margin: 0px 0px 16px; padding: 0px; color: #24292e; font-family: -apple-system, BlinkMacSystemFont, \'Segoe UI\', Helvetica, Arial, sans-serif; font-size: 14px; font-style: normal; font-variant-ligatures: normal; font-variant-caps: normal; font-weight: 400; letter-spacing: normal; orphans: 2; text-align: start; text-indent: 0px; text-transform: none; white-space: normal; widows: 2; word-spacing: 0px; -webkit-text-stroke-width: 0px; background-color: #e2ecf6; text-decoration-style: initial; text-decoration-color: initial;\"><img style=\"box-sizing: content-box; border: 0px none; vertical-align: middle; max-width: 100%; background-color: rgba(255, 255, 255, 0.1);\" title=\"__meitu_14\" src=\"https://yqfile.alicdn.com/4a44efae39b12a9b481a18324f3cc1469b10cb4b.jpeg\" alt=\"__meitu_14\" /></p>\n<h2 style=\"box-sizing: border-box; margin: 24px 0px 16px; padding: 0px 0px 0.3em; font-size: 1.5em; font-weight: 600; color: #24292e; font-family: -apple-system, BlinkMacSystemFont, \'Segoe UI\', Helvetica, Arial, sans-serif; line-height: 1.25; border-bottom: 1px solid #eaecef; font-style: normal; font-variant-ligatures: normal; font-variant-caps: normal; letter-spacing: normal; orphans: 2; text-align: start; text-indent: 0px; text-transform: none; white-space: normal; widows: 2; word-spacing: 0px; -webkit-text-stroke-width: 0px; background-color: #e2ecf6; text-decoration-style: initial; text-decoration-color: initial;\">14 异新</h2>\n<p style=\"box-sizing: border-box; margin: 0px 0px 16px; padding: 0px; color: #24292e; font-family: -apple-system, BlinkMacSystemFont, \'Segoe UI\', Helvetica, Arial, sans-serif; font-size: 14px; font-style: normal; font-variant-ligatures: normal; font-variant-caps: normal; font-weight: 400; letter-spacing: normal; orphans: 2; text-align: start; text-indent: 0px; text-transform: none; white-space: normal; widows: 2; word-spacing: 0px; -webkit-text-stroke-width: 0px; background-color: #e2ecf6; text-decoration-style: initial; text-decoration-color: initial;\"><img style=\"box-sizing: content-box; border: 0px none; vertical-align: middle; max-width: 100%; background-color: rgba(255, 255, 255, 0.1);\" title=\"__meitu_15\" src=\"https://yqfile.alicdn.com/621d8fe629f56c042a451d8864c7cdefd6fbdcd6.jpeg\" alt=\"__meitu_15\" /></p>\n<h2 style=\"box-sizing: border-box; margin: 24px 0px 16px; padding: 0px 0px 0.3em; font-size: 1.5em; font-weight: 600; color: #24292e; font-family: -apple-system, BlinkMacSystemFont, \'Segoe UI\', Helvetica, Arial, sans-serif; line-height: 1.25; border-bottom: 1px solid #eaecef; font-style: normal; font-variant-ligatures: normal; font-variant-caps: normal; letter-spacing: normal; orphans: 2; text-align: start; text-indent: 0px; text-transform: none; white-space: normal; widows: 2; word-spacing: 0px; -webkit-text-stroke-width: 0px; background-color: #e2ecf6; text-decoration-style: initial; text-decoration-color: initial;\">15 钰佩</h2>\n<p style=\"box-sizing: border-box; margin: 0px 0px 16px; padding: 0px; color: #24292e; font-family: -apple-system, BlinkMacSystemFont, \'Segoe UI\', Helvetica, Arial, sans-serif; font-size: 14px; font-style: normal; font-variant-ligatures: normal; font-variant-caps: normal; font-weight: 400; letter-spacing: normal; orphans: 2; text-align: start; text-indent: 0px; text-transform: none; white-space: normal; widows: 2; word-spacing: 0px; -webkit-text-stroke-width: 0px; background-color: #e2ecf6; text-decoration-style: initial; text-decoration-color: initial;\"><img style=\"box-sizing: content-box; border: 0px none; vertical-align: middle; max-width: 100%; background-color: rgba(255, 255, 255, 0.1);\" title=\"__meitu_17\" src=\"https://yqfile.alicdn.com/db2a10bd7094b266a862354dc5f425329ce7b15f.jpeg\" alt=\"__meitu_17\" /></p>\n<h2 style=\"box-sizing: border-box; margin: 24px 0px 16px; padding: 0px 0px 0.3em; font-size: 1.5em; font-weight: 600; color: #24292e; font-family: -apple-system, BlinkMacSystemFont, \'Segoe UI\', Helvetica, Arial, sans-serif; line-height: 1.25; border-bottom: 1px solid #eaecef; font-style: normal; font-variant-ligatures: normal; font-variant-caps: normal; letter-spacing: normal; orphans: 2; text-align: start; text-indent: 0px; text-transform: none; white-space: normal; widows: 2; word-spacing: 0px; -webkit-text-stroke-width: 0px; background-color: #e2ecf6; text-decoration-style: initial; text-decoration-color: initial;\">16 梓仪</h2>\n<p style=\"box-sizing: border-box; margin: 0px 0px 16px; padding: 0px; color: #24292e; font-family: -apple-system, BlinkMacSystemFont, \'Segoe UI\', Helvetica, Arial, sans-serif; font-size: 14px; font-style: normal; font-variant-ligatures: normal; font-variant-caps: normal; font-weight: 400; letter-spacing: normal; orphans: 2; text-align: start; text-indent: 0px; text-transform: none; white-space: normal; widows: 2; word-spacing: 0px; -webkit-text-stroke-width: 0px; background-color: #e2ecf6; text-decoration-style: initial; text-decoration-color: initial;\"><img style=\"box-sizing: content-box; border: 0px none; vertical-align: middle; max-width: 100%; background-color: rgba(255, 255, 255, 0.1);\" title=\"__meitu_18\" src=\"https://yqfile.alicdn.com/61a81ae6714dcd77237f80c6de46b46638edd1f9.jpeg\" alt=\"__meitu_18\" /></p>\n<p style=\"box-sizing: border-box; margin: 0px 0px 16px; padding: 0px; color: #24292e; font-family: -apple-system, BlinkMacSystemFont, \'Segoe UI\', Helvetica, Arial, sans-serif; font-size: 14px; font-style: normal; font-variant-ligatures: normal; font-variant-caps: normal; font-weight: 400; letter-spacing: normal; orphans: 2; text-align: start; text-indent: 0px; text-transform: none; white-space: normal; widows: 2; word-spacing: 0px; -webkit-text-stroke-width: 0px; background-color: #e2ecf6; text-decoration-style: initial; text-decoration-color: initial;\">详情请戳链接：<br style=\"box-sizing: border-box;\" />&darr; &darr; &darr; &darr;<br style=\"box-sizing: border-box;\" /><a style=\"box-sizing: border-box; text-decoration: none; transition: color 0.2s ease 0s; color: #3366ff; background: 0px 0px transparent;\" href=\"https://yq.aliyun.com/articles/692248\" target=\"_blank\" rel=\"noopener\">https://yq.aliyun.com/articles/692248</a></p>\n<h1 style=\"box-sizing: border-box; margin: 24px 0px 16px; padding: 0px 0px 0.3em; font-size: 2em; font-weight: 600; color: #24292e; font-family: -apple-system, BlinkMacSystemFont, \'Segoe UI\', Helvetica, Arial, sans-serif; line-height: 1.25; border-bottom: 1px solid #eaecef; font-style: normal; font-variant-ligatures: normal; font-variant-caps: normal; letter-spacing: normal; orphans: 2; text-align: start; text-indent: 0px; text-transform: none; white-space: normal; widows: 2; word-spacing: 0px; -webkit-text-stroke-width: 0px; background-color: #e2ecf6; text-decoration-style: initial; text-decoration-color: initial;\">那么问题来了：</h1>\n<p style=\"box-sizing: border-box; margin: 0px 0px 16px; padding: 0px; color: #24292e; font-family: -apple-system, BlinkMacSystemFont, \'Segoe UI\', Helvetica, Arial, sans-serif; font-size: 14px; font-style: normal; font-variant-ligatures: normal; font-variant-caps: normal; font-weight: 400; letter-spacing: normal; orphans: 2; text-align: start; text-indent: 0px; text-transform: none; white-space: normal; widows: 2; word-spacing: 0px; -webkit-text-stroke-width: 0px; background-color: #e2ecf6; text-decoration-style: initial; text-decoration-color: initial;\">1、几位程序员MM的代码诗谜底究竟是什么呢？</p>\n<p style=\"box-sizing: border-box; margin: 0px 0px 16px; padding: 0px; color: #24292e; font-family: -apple-system, BlinkMacSystemFont, \'Segoe UI\', Helvetica, Arial, sans-serif; font-size: 14px; font-style: normal; font-variant-ligatures: normal; font-variant-caps: normal; font-weight: 400; letter-spacing: normal; orphans: 2; text-align: start; text-indent: 0px; text-transform: none; white-space: normal; widows: 2; word-spacing: 0px; -webkit-text-stroke-width: 0px; background-color: #e2ecf6; text-decoration-style: initial; text-decoration-color: initial;\">欢迎参与聚能聊讨论，将程序员MM的序号和谜底回复在下方，活动结束后我们会统一揭示谜底，并抽取几位参与者送出奖品，解密越多奖励越丰厚，快来参与吧！</p>\n<h1 style=\"box-sizing: border-box; margin: 24px 0px 16px; padding: 0px 0px 0.3em; font-size: 2em; font-weight: 600; color: #24292e; font-family: -apple-system, BlinkMacSystemFont, \'Segoe UI\', Helvetica, Arial, sans-serif; line-height: 1.25; border-bottom: 1px solid #eaecef; font-style: normal; font-variant-ligatures: normal; font-variant-caps: normal; letter-spacing: normal; orphans: 2; text-align: start; text-indent: 0px; text-transform: none; white-space: normal; widows: 2; word-spacing: 0px; -webkit-text-stroke-width: 0px; background-color: #e2ecf6; text-decoration-style: initial; text-decoration-color: initial;\">回答例子见下方</h1>\n<p style=\"box-sizing: border-box; margin: 0px 0px 16px; padding: 0px; color: #24292e; font-family: -apple-system, BlinkMacSystemFont, \'Segoe UI\', Helvetica, Arial, sans-serif; font-size: 14px; font-style: normal; font-variant-ligatures: normal; font-variant-caps: normal; font-weight: 400; letter-spacing: normal; orphans: 2; text-align: start; text-indent: 0px; text-transform: none; white-space: normal; widows: 2; word-spacing: 0px; -webkit-text-stroke-width: 0px; background-color: #e2ecf6; text-decoration-style: initial; text-decoration-color: initial;\">&darr; &darr; &darr; &darr;</p>\n<p style=\"box-sizing: border-box; margin: 0px 0px 16px; padding: 0px; color: #24292e; font-family: -apple-system, BlinkMacSystemFont, \'Segoe UI\', Helvetica, Arial, sans-serif; font-size: 14px; font-style: normal; font-variant-ligatures: normal; font-variant-caps: normal; font-weight: 400; letter-spacing: normal; orphans: 2; text-align: start; text-indent: 0px; text-transform: none; white-space: normal; widows: 2; word-spacing: 0px; -webkit-text-stroke-width: 0px; background-color: #e2ecf6; text-decoration-style: initial; text-decoration-color: initial;\">序号02 凉安<br style=\"box-sizing: border-box;\" />do { age4liangmin=18 ;</p>\n<p style=\"box-sizing: border-box; margin: 0px 0px 16px; padding: 0px; color: #24292e; font-family: -apple-system, BlinkMacSystemFont, \'Segoe UI\', Helvetica, Arial, sans-serif; font-size: 14px; font-style: normal; font-variant-ligatures: normal; font-variant-caps: normal; font-weight: 400; letter-spacing: normal; orphans: 2; text-align: start; text-indent: 0px; text-transform: none; white-space: normal; widows: 2; word-spacing: 0px; -webkit-text-stroke-width: 0px; background-color: #e2ecf6; text-decoration-style: initial; text-decoration-color: initial;\">System.out.printf(\"中年少女，初老未老，永远\"+age4liangmin);</p>\n<p style=\"box-sizing: border-box; margin: 0px 0px 16px; padding: 0px; color: #24292e; font-family: -apple-system, BlinkMacSystemFont, \'Segoe UI\', Helvetica, Arial, sans-serif; font-size: 14px; font-style: normal; font-variant-ligatures: normal; font-variant-caps: normal; font-weight: 400; letter-spacing: normal; orphans: 2; text-align: start; text-indent: 0px; text-transform: none; white-space: normal; widows: 2; word-spacing: 0px; -webkit-text-stroke-width: 0px; background-color: #e2ecf6; text-decoration-style: initial; text-decoration-color: initial;\">}while(true);</p>\n<p style=\"box-sizing: border-box; padding: 0px; color: #24292e; font-family: -apple-system, BlinkMacSystemFont, \'Segoe UI\', Helvetica, Arial, sans-serif; font-size: 14px; font-style: normal; font-variant-ligatures: normal; font-variant-caps: normal; font-weight: 400; letter-spacing: normal; orphans: 2; text-align: start; text-indent: 0px; text-transform: none; white-space: normal; widows: 2; word-spacing: 0px; -webkit-text-stroke-width: 0px; background-color: #e2ecf6; text-decoration-style: initial; text-decoration-color: initial; margin: 0px 0px 0px !important 0px;\" data-spm-anchor-id=\"a2c4e.11154000.rtdmain.i1.7b4015c6Ix8FOj\">谜底：永远18岁</p>\n<div id=\"translate-man-app\" class=\"content-3WfBL_0\" style=\"background-color: #ffffff; display: none;\">\n<div class=\"outputBox-qe9A4_0\" data-v-2868eb04=\"\">\n<div class=\"outputBox-3oESn_0\" data-v-2868eb04=\"\">&nbsp;</div>\n<div class=\"outputBox-1GLb__0\" data-v-2868eb04=\"\">\n<div class=\"outputBox-onVZH_0\" data-v-2868eb04=\"\"><img class=\"icon-tprjJ_0\" src=\"moz-extension://f3c35bfe-2002-4b11-8c3d-1bdc547e3caa/static/sound.svg\" /></div>\n</div>\n<div class=\"outputBox-2sJgr_0\" data-v-2868eb04=\"\">&nbsp;</div>\n<div class=\"outputBox-17RAm_0\" style=\"display: none;\" data-v-2868eb04=\"\">\n<div data-v-2868eb04=\"\">&nbsp;</div>\n</div>\n</div>\n</div>\n<div id=\"translate-man-app\" class=\"content-3WfBL_0\" style=\"background-color: #ffffff; left: -60px; top: -261px; display: none;\">\n<div class=\"outputBox-qe9A4_0\" data-v-2868eb04=\"\">\n<div class=\"outputBox-3oESn_0\" data-v-2868eb04=\"\">&nbsp;</div>\n<div class=\"outputBox-1GLb__0\" data-v-2868eb04=\"\">\n<div class=\"outputBox-onVZH_0\" data-v-2868eb04=\"\"><img class=\"icon-tprjJ_0\" src=\"moz-extension://1f0def27-a18a-4732-b89d-4f05dece4594/static/sound.svg\" /></div>\n</div>\n<div class=\"outputBox-2sJgr_0\" data-v-2868eb04=\"\">&nbsp;</div>\n<div class=\"outputBox-17RAm_0\" style=\"display: none;\" data-v-2868eb04=\"\">\n<div data-v-2868eb04=\"\">&nbsp;</div>\n</div>\n</div>\n</div>', '3', '0', '2019-03-07 22:32:17', '2019-03-24 15:55:12');
INSERT INTO `tb_blog` VALUES ('8', '如何时光倒流，回到大学你最想get什么技能呢？', 'sunny', '行业职场与校园课本的差距有多大？ 把最新的云计算技术带进高校课堂，提供真实的云原生开发实验环境，让更多的高校学子完成掌握理论知识到技术运用的完美转身。让每个学子在毕业前成为更好的自己。', '<h3 style=\"box-sizing: border-box; margin: 24px 0px 16px; padding: 0px; font-size: 1.25em; font-weight: 600; color: #24292e; font-family: -apple-system, BlinkMacSystemFont, \'Segoe UI\', Helvetica, Arial, sans-serif; line-height: 33px; font-style: normal; font-variant-ligatures: normal; font-variant-caps: normal; letter-spacing: normal; orphans: 2; text-align: start; text-indent: 0px; text-transform: none; white-space: normal; widows: 2; word-spacing: 0px; -webkit-text-stroke-width: 0px; background-color: #e2ecf6; text-decoration-style: initial; text-decoration-color: initial;\"><strong style=\"box-sizing: border-box; font-weight: 600;\" data-spm-anchor-id=\"a2c4e.11154000.rtdmain.i0.5eb22e7aXfHs2g\">行业职场与校园课本的差距有多大？</strong></h3>\n<p style=\"box-sizing: border-box; margin: 0px 0px 16px; padding: 0px; color: #24292e; font-family: -apple-system, BlinkMacSystemFont, \'Segoe UI\', Helvetica, Arial, sans-serif; font-size: 14px; font-style: normal; font-variant-ligatures: normal; font-variant-caps: normal; font-weight: 400; letter-spacing: normal; orphans: 2; text-align: start; text-indent: 0px; text-transform: none; white-space: normal; widows: 2; word-spacing: 0px; -webkit-text-stroke-width: 0px; background-color: #e2ecf6; text-decoration-style: initial; text-decoration-color: initial;\">把最新的云计算技术带进高校课堂，提供真实的云原生开发实验环境，让更多的高校学子完成掌握理论知识到技术运用的完美转身。让每个学子在毕业前成为更好的自己。</p>\n<h3 style=\"box-sizing: border-box; margin: 24px 0px 16px; padding: 0px; font-size: 1.25em; font-weight: 600; color: #24292e; font-family: -apple-system, BlinkMacSystemFont, \'Segoe UI\', Helvetica, Arial, sans-serif; line-height: 33px; font-style: normal; font-variant-ligatures: normal; font-variant-caps: normal; letter-spacing: normal; orphans: 2; text-align: start; text-indent: 0px; text-transform: none; white-space: normal; widows: 2; word-spacing: 0px; -webkit-text-stroke-width: 0px; background-color: #e2ecf6; text-decoration-style: initial; text-decoration-color: initial;\"><strong style=\"box-sizing: border-box; font-weight: 600;\">所以，阿里云做了新产品：教育一体机</strong></h3>\n<h5 style=\"box-sizing: border-box; margin: 24px 0px 16px; padding: 0px; font-size: 0.875em; font-weight: 600; color: #24292e; font-family: -apple-system, BlinkMacSystemFont, \'Segoe UI\', Helvetica, Arial, sans-serif; line-height: 1.25; font-style: normal; font-variant-ligatures: normal; font-variant-caps: normal; letter-spacing: normal; orphans: 2; text-align: start; text-indent: 0px; text-transform: none; white-space: normal; widows: 2; word-spacing: 0px; -webkit-text-stroke-width: 0px; background-color: #e2ecf6; text-decoration-style: initial; text-decoration-color: initial;\">产品背景</h5>\n<p style=\"box-sizing: border-box; margin: 0px 0px 16px; padding: 0px; color: #24292e; font-family: -apple-system, BlinkMacSystemFont, \'Segoe UI\', Helvetica, Arial, sans-serif; font-size: 14px; font-style: normal; font-variant-ligatures: normal; font-variant-caps: normal; font-weight: 400; letter-spacing: normal; orphans: 2; text-align: start; text-indent: 0px; text-transform: none; white-space: normal; widows: 2; word-spacing: 0px; -webkit-text-stroke-width: 0px; background-color: #e2ecf6; text-decoration-style: initial; text-decoration-color: initial;\">基于云原生开发服务（阿里云容器服务Kubernetes）和移动开发服务（EMAS），以一体机的交付方式将前沿科技和最佳实践以面向学生的课程的形式引入高校，为教育线客户提供解决方案，缩小其在人才培养侧和市场需求侧在结构、质量、水平存在的差异。</p>\n<h5 style=\"box-sizing: border-box; margin: 24px 0px 16px; padding: 0px; font-size: 0.875em; font-weight: 600; color: #24292e; font-family: -apple-system, BlinkMacSystemFont, \'Segoe UI\', Helvetica, Arial, sans-serif; line-height: 1.25; font-style: normal; font-variant-ligatures: normal; font-variant-caps: normal; letter-spacing: normal; orphans: 2; text-align: start; text-indent: 0px; text-transform: none; white-space: normal; widows: 2; word-spacing: 0px; -webkit-text-stroke-width: 0px; background-color: #e2ecf6; text-decoration-style: initial; text-decoration-color: initial;\">产品组成</h5>\n<p style=\"box-sizing: border-box; margin: 0px 0px 16px; padding: 0px; color: #24292e; font-family: -apple-system, BlinkMacSystemFont, \'Segoe UI\', Helvetica, Arial, sans-serif; font-size: 14px; font-style: normal; font-variant-ligatures: normal; font-variant-caps: normal; font-weight: 400; letter-spacing: normal; orphans: 2; text-align: start; text-indent: 0px; text-transform: none; white-space: normal; widows: 2; word-spacing: 0px; -webkit-text-stroke-width: 0px; background-color: #e2ecf6; text-decoration-style: initial; text-decoration-color: initial;\"><strong style=\"box-sizing: border-box; font-weight: 600;\">硬件部分：</strong>&nbsp;一体机机柜，物理服务器（32C/96G, 2T*2）10台，备件箱（2台服务器）</p>\n<p style=\"box-sizing: border-box; margin: 0px 0px 16px; padding: 0px; color: #24292e; font-family: -apple-system, BlinkMacSystemFont, \'Segoe UI\', Helvetica, Arial, sans-serif; font-size: 14px; font-style: normal; font-variant-ligatures: normal; font-variant-caps: normal; font-weight: 400; letter-spacing: normal; orphans: 2; text-align: start; text-indent: 0px; text-transform: none; white-space: normal; widows: 2; word-spacing: 0px; -webkit-text-stroke-width: 0px; background-color: #e2ecf6; text-decoration-style: initial; text-decoration-color: initial;\"><strong style=\"box-sizing: border-box; font-weight: 600;\">软件：</strong>&nbsp;阿里云飞天敏捷版基座（包含CodePipeline）+EMAS移动开发服务平台</p>\n<p style=\"box-sizing: border-box; margin: 0px 0px 16px; padding: 0px; color: #24292e; font-family: -apple-system, BlinkMacSystemFont, \'Segoe UI\', Helvetica, Arial, sans-serif; font-size: 14px; font-style: normal; font-variant-ligatures: normal; font-variant-caps: normal; font-weight: 400; letter-spacing: normal; orphans: 2; text-align: start; text-indent: 0px; text-transform: none; white-space: normal; widows: 2; word-spacing: 0px; -webkit-text-stroke-width: 0px; background-color: #e2ecf6; text-decoration-style: initial; text-decoration-color: initial;\"><strong style=\"box-sizing: border-box; font-weight: 600;\">课程：</strong>&nbsp;容器技术、DevOps、Android开发、移动端DevOps、区块链、深度学习</p>\n<h3 style=\"box-sizing: border-box; margin: 24px 0px 16px; padding: 0px; font-size: 1.25em; font-weight: 600; color: #24292e; font-family: -apple-system, BlinkMacSystemFont, \'Segoe UI\', Helvetica, Arial, sans-serif; line-height: 33px; font-style: normal; font-variant-ligatures: normal; font-variant-caps: normal; letter-spacing: normal; orphans: 2; text-align: start; text-indent: 0px; text-transform: none; white-space: normal; widows: 2; word-spacing: 0px; -webkit-text-stroke-width: 0px; background-color: #e2ecf6; text-decoration-style: initial; text-decoration-color: initial;\"><strong style=\"box-sizing: border-box; font-weight: 600;\">预知详情，请移步链接</strong></h3>\n<p style=\"box-sizing: border-box; margin: 0px 0px 16px; padding: 0px; color: #24292e; font-family: -apple-system, BlinkMacSystemFont, \'Segoe UI\', Helvetica, Arial, sans-serif; font-size: 14px; font-style: normal; font-variant-ligatures: normal; font-variant-caps: normal; font-weight: 400; letter-spacing: normal; orphans: 2; text-align: start; text-indent: 0px; text-transform: none; white-space: normal; widows: 2; word-spacing: 0px; -webkit-text-stroke-width: 0px; background-color: #e2ecf6; text-decoration-style: initial; text-decoration-color: initial;\"><strong style=\"box-sizing: border-box; font-weight: 600;\">3月13日 发布会解密</strong>&nbsp;：<a style=\"box-sizing: border-box; text-decoration: none; transition: color 0.2s ease 0s; color: #3366ff; background: 0px 0px transparent;\" href=\"https://yq.aliyun.com/live/879\" target=\"_blank\" rel=\"noopener\">https://yq.aliyun.com/live/879</a><br style=\"box-sizing: border-box;\" /><strong style=\"box-sizing: border-box; font-weight: 600;\">产品页面</strong>：<a style=\"box-sizing: border-box; text-decoration: none; transition: color 0.2s ease 0s; color: #3366ff; background: 0px 0px transparent;\" href=\"https://www.aliyun.com/solution/eductione1000\" target=\"_blank\" rel=\"noopener\">https://www.aliyun.com/solution/eductione1000</a></p>\n<h3 style=\"box-sizing: border-box; margin: 24px 0px 16px; padding: 0px; font-size: 1.25em; font-weight: 600; color: #24292e; font-family: -apple-system, BlinkMacSystemFont, \'Segoe UI\', Helvetica, Arial, sans-serif; line-height: 33px; font-style: normal; font-variant-ligatures: normal; font-variant-caps: normal; letter-spacing: normal; orphans: 2; text-align: start; text-indent: 0px; text-transform: none; white-space: normal; widows: 2; word-spacing: 0px; -webkit-text-stroke-width: 0px; background-color: #e2ecf6; text-decoration-style: initial; text-decoration-color: initial;\"><strong style=\"box-sizing: border-box; font-weight: 600;\">欢迎参与讨论话题</strong></h3>\n<p style=\"box-sizing: border-box; padding: 0px; color: #24292e; font-family: -apple-system, BlinkMacSystemFont, \'Segoe UI\', Helvetica, Arial, sans-serif; font-size: 14px; font-style: normal; font-variant-ligatures: normal; font-variant-caps: normal; font-weight: 400; letter-spacing: normal; orphans: 2; text-align: start; text-indent: 0px; text-transform: none; white-space: normal; widows: 2; word-spacing: 0px; -webkit-text-stroke-width: 0px; background-color: #e2ecf6; text-decoration-style: initial; text-decoration-color: initial; margin: 0px 0px 0px !important 0px;\" data-spm-anchor-id=\"a2c4e.11154000.rtdmain.i1.5eb22e7aXfHs2g\">1 当初毕业找工作时，您最大的困惑是什么？<br style=\"box-sizing: border-box;\" />2 现在回想起来，大学中的哪门课程让您在职场中深深受益？<br style=\"box-sizing: border-box;\" />3 如果再来一次， 重返校园，你最希望在象牙塔中学到哪门课程呢？</p>\n<p>&nbsp;</p>\n<div id=\"translate-man-app\" class=\"content-3WfBL_0\" style=\"background-color: #ffffff; display: none;\">\n<div class=\"outputBox-qe9A4_0\" data-v-2868eb04=\"\">\n<div class=\"outputBox-3oESn_0\" data-v-2868eb04=\"\">&nbsp;</div>\n<div class=\"outputBox-1GLb__0\" data-v-2868eb04=\"\">\n<div class=\"outputBox-onVZH_0\" data-v-2868eb04=\"\"><img class=\"icon-tprjJ_0\" src=\"moz-extension://f3c35bfe-2002-4b11-8c3d-1bdc547e3caa/static/sound.svg\" /></div>\n</div>\n<div class=\"outputBox-2sJgr_0\" data-v-2868eb04=\"\">&nbsp;</div>\n<div class=\"outputBox-17RAm_0\" style=\"display: none;\" data-v-2868eb04=\"\">\n<div data-v-2868eb04=\"\">&nbsp;</div>\n</div>\n</div>\n</div>\n<div id=\"translate-man-app\" class=\"content-3WfBL_0\" style=\"background-color: #ffffff; left: 587px; top: 430px;\">\n<div class=\"outputBox-qe9A4_0\" data-v-2868eb04=\"\">\n<div class=\"outputBox-3oESn_0\" data-v-2868eb04=\"\"><span class=\"outputBox-13Ovx_0\" data-v-2868eb04=\"\">当初毕业找工作时，您最大的困惑是什么？</span></div>\n<div class=\"outputBox-1GLb__0\" data-v-2868eb04=\"\">\n<div class=\"outputBox-it-2__0\" data-v-2868eb04=\"\">[Dāngchū b&igrave;y&egrave; zhǎo gōngzu&ograve; sh&iacute;, n&iacute;n zu&igrave;d&agrave; de k&ugrave;nhu&ograve; sh&igrave; sh&eacute;nme?]</div>\n<div class=\"outputBox-onVZH_0\" data-v-2868eb04=\"\"><img class=\"icon-tprjJ_0\" src=\"moz-extension://1f0def27-a18a-4732-b89d-4f05dece4594/static/sound.svg\" /></div>\n</div>\n<div class=\"outputBox-2sJgr_0\" data-v-2868eb04=\"\">\n<div class=\"outputBox-GomOI_0\" data-v-2868eb04=\"\"><span class=\"outputBox-2liU7_0\" data-v-2868eb04=\"\">What was your biggest confusion when you graduated to find a job?</span></div>\n</div>\n<div class=\"outputBox-17RAm_0\" style=\"display: none;\" data-v-2868eb04=\"\">\n<div data-v-2868eb04=\"\">&nbsp;</div>\n</div>\n</div>\n</div>', '4', '0', '2019-03-05 22:33:09', '2019-03-24 15:55:13');
INSERT INTO `tb_blog` VALUES ('9', '初入职场，如何快速成为一名合格的初级工程师。', 'admin', '年后3月份，迎来了各大企业招聘实习生的高峰，接着就是校招了。从3月到9月，这半年间会有大量的毕业生进入企业，开始他们的职业生涯。', '<p style=\"box-sizing: border-box; padding: 0px; color: #24292e; font-family: -apple-system, BlinkMacSystemFont, \'Segoe UI\', Helvetica, Arial, sans-serif; font-size: 14px; font-style: normal; font-variant-ligatures: normal; font-variant-caps: normal; font-weight: 400; letter-spacing: normal; orphans: 2; text-align: start; text-indent: 0px; text-transform: none; white-space: normal; widows: 2; word-spacing: 0px; -webkit-text-stroke-width: 0px; background-color: #e2ecf6; text-decoration-style: initial; text-decoration-color: initial; margin: 0px !important 0px 16px 0px;\" data-spm-anchor-id=\"a2c4e.11154000.rtdmain.i1.56a8a411zqWdo9\">年后3月份，迎来了各大企业招聘实习生的高峰，接着就是校招了。</p>\n<p style=\"box-sizing: border-box; margin: 0px 0px 16px; padding: 0px; color: #24292e; font-family: -apple-system, BlinkMacSystemFont, \'Segoe UI\', Helvetica, Arial, sans-serif; font-size: 14px; font-style: normal; font-variant-ligatures: normal; font-variant-caps: normal; font-weight: 400; letter-spacing: normal; orphans: 2; text-align: start; text-indent: 0px; text-transform: none; white-space: normal; widows: 2; word-spacing: 0px; -webkit-text-stroke-width: 0px; background-color: #e2ecf6; text-decoration-style: initial; text-decoration-color: initial;\" data-spm-anchor-id=\"a2c4e.11154000.rtdmain.i2.56a8a411zqWdo9\">从3月到9月，这半年间会有大量的毕业生进入企业，开始他们的职业生涯。</p>\n<p style=\"box-sizing: border-box; margin: 0px 0px 16px; padding: 0px; color: #24292e; font-family: -apple-system, BlinkMacSystemFont, \'Segoe UI\', Helvetica, Arial, sans-serif; font-size: 14px; font-style: normal; font-variant-ligatures: normal; font-variant-caps: normal; font-weight: 400; letter-spacing: normal; orphans: 2; text-align: start; text-indent: 0px; text-transform: none; white-space: normal; widows: 2; word-spacing: 0px; -webkit-text-stroke-width: 0px; background-color: #e2ecf6; text-decoration-style: initial; text-decoration-color: initial;\" data-spm-anchor-id=\"a2c4e.11154000.rtdmain.i3.56a8a411zqWdo9\">技术岗位的同学一般都会从初级工程师一路向中级、高级进发，最终成为技术专家。</p>\n<p style=\"box-sizing: border-box; margin: 0px 0px 16px; padding: 0px; color: #24292e; font-family: -apple-system, BlinkMacSystemFont, \'Segoe UI\', Helvetica, Arial, sans-serif; font-size: 14px; font-style: normal; font-variant-ligatures: normal; font-variant-caps: normal; font-weight: 400; letter-spacing: normal; orphans: 2; text-align: start; text-indent: 0px; text-transform: none; white-space: normal; widows: 2; word-spacing: 0px; -webkit-text-stroke-width: 0px; background-color: #e2ecf6; text-decoration-style: initial; text-decoration-color: initial;\">初级工程师作为技术岗位的起始，承担着从学生到工程师的转变，尤为重要。</p>\n<p style=\"box-sizing: border-box; margin: 0px 0px 16px; padding: 0px; color: #24292e; font-family: -apple-system, BlinkMacSystemFont, \'Segoe UI\', Helvetica, Arial, sans-serif; font-size: 14px; font-style: normal; font-variant-ligatures: normal; font-variant-caps: normal; font-weight: 400; letter-spacing: normal; orphans: 2; text-align: start; text-indent: 0px; text-transform: none; white-space: normal; widows: 2; word-spacing: 0px; -webkit-text-stroke-width: 0px; background-color: #e2ecf6; text-decoration-style: initial; text-decoration-color: initial;\">对于初入职的同学来说，要尽快确定自己的发展方向，度过这个时期。</p>\n<p style=\"box-sizing: border-box; margin: 0px 0px 16px; padding: 0px; color: #24292e; font-family: -apple-system, BlinkMacSystemFont, \'Segoe UI\', Helvetica, Arial, sans-serif; font-size: 14px; font-style: normal; font-variant-ligatures: normal; font-variant-caps: normal; font-weight: 400; letter-spacing: normal; orphans: 2; text-align: start; text-indent: 0px; text-transform: none; white-space: normal; widows: 2; word-spacing: 0px; -webkit-text-stroke-width: 0px; background-color: #e2ecf6; text-decoration-style: initial; text-decoration-color: initial;\">对于公司来讲，初入职的同学要尽快的达到可以工作的要求。</p>\n<p style=\"box-sizing: border-box; margin: 0px 0px 16px; padding: 0px; color: #24292e; font-family: -apple-system, BlinkMacSystemFont, \'Segoe UI\', Helvetica, Arial, sans-serif; font-size: 14px; font-style: normal; font-variant-ligatures: normal; font-variant-caps: normal; font-weight: 400; letter-spacing: normal; orphans: 2; text-align: start; text-indent: 0px; text-transform: none; white-space: normal; widows: 2; word-spacing: 0px; -webkit-text-stroke-width: 0px; background-color: #e2ecf6; text-decoration-style: initial; text-decoration-color: initial;\">那么对于下边的这三个问题，大家是怎么看待的。</p>\n<p style=\"box-sizing: border-box; margin: 0px 0px 16px; padding: 0px; color: #24292e; font-family: -apple-system, BlinkMacSystemFont, \'Segoe UI\', Helvetica, Arial, sans-serif; font-size: 14px; font-style: normal; font-variant-ligatures: normal; font-variant-caps: normal; font-weight: 400; letter-spacing: normal; orphans: 2; text-align: start; text-indent: 0px; text-transform: none; white-space: normal; widows: 2; word-spacing: 0px; -webkit-text-stroke-width: 0px; background-color: #e2ecf6; text-decoration-style: initial; text-decoration-color: initial;\">问题1：你如何定义初级工程师，你认为的初、中、高级工程师都是什么样的</p>\n<p style=\"box-sizing: border-box; margin: 0px 0px 16px; padding: 0px; color: #24292e; font-family: -apple-system, BlinkMacSystemFont, \'Segoe UI\', Helvetica, Arial, sans-serif; font-size: 14px; font-style: normal; font-variant-ligatures: normal; font-variant-caps: normal; font-weight: 400; letter-spacing: normal; orphans: 2; text-align: start; text-indent: 0px; text-transform: none; white-space: normal; widows: 2; word-spacing: 0px; -webkit-text-stroke-width: 0px; background-color: #e2ecf6; text-decoration-style: initial; text-decoration-color: initial;\">问题2：初级工程师应该具备什么样的技能和品质</p>\n<p style=\"box-sizing: border-box; padding: 0px; color: #24292e; font-family: -apple-system, BlinkMacSystemFont, \'Segoe UI\', Helvetica, Arial, sans-serif; font-size: 14px; font-style: normal; font-variant-ligatures: normal; font-variant-caps: normal; font-weight: 400; letter-spacing: normal; orphans: 2; text-align: start; text-indent: 0px; text-transform: none; white-space: normal; widows: 2; word-spacing: 0px; -webkit-text-stroke-width: 0px; background-color: #e2ecf6; text-decoration-style: initial; text-decoration-color: initial; margin: 0px 0px 0px !important 0px;\" data-spm-anchor-id=\"a2c4e.11154000.rtdmain.i4.56a8a411zqWdo9\">问题3：如何快速的成为一个合格的初级工程师</p>\n<p>&nbsp;</p>\n<div id=\"translate-man-app\" class=\"content-3WfBL_0\" style=\"background-color: #ffffff; display: none;\">\n<div class=\"outputBox-qe9A4_0\" data-v-2868eb04=\"\">\n<div class=\"outputBox-3oESn_0\" data-v-2868eb04=\"\">&nbsp;</div>\n<div class=\"outputBox-1GLb__0\" data-v-2868eb04=\"\">\n<div class=\"outputBox-onVZH_0\" data-v-2868eb04=\"\"><img class=\"icon-tprjJ_0\" src=\"moz-extension://f3c35bfe-2002-4b11-8c3d-1bdc547e3caa/static/sound.svg\" /></div>\n</div>\n<div class=\"outputBox-2sJgr_0\" data-v-2868eb04=\"\">&nbsp;</div>\n<div class=\"outputBox-17RAm_0\" style=\"display: none;\" data-v-2868eb04=\"\">\n<div data-v-2868eb04=\"\">&nbsp;</div>\n</div>\n</div>\n</div>', '5', '0', '2019-03-02 22:32:50', '2019-03-24 15:55:14');

-- ----------------------------
-- Table structure for tb_dept
-- ----------------------------
DROP TABLE IF EXISTS `tb_dept`;
CREATE TABLE `tb_dept` (
  `id` int(11) NOT NULL AUTO_INCREMENT COMMENT '主键id',
  `name` varchar(45) DEFAULT NULL COMMENT '部门名称',
  `sort` int(11) DEFAULT NULL COMMENT '排序',
  `tips` varchar(255) DEFAULT NULL COMMENT '提示',
  PRIMARY KEY (`id`)
) ENGINE=InnoDB AUTO_INCREMENT=6 DEFAULT CHARSET=utf8;

-- ----------------------------
-- Records of tb_dept
-- ----------------------------
INSERT INTO `tb_dept` VALUES ('1', '技术部', '3', null);
INSERT INTO `tb_dept` VALUES ('2', '营销部', '1', null);
INSERT INTO `tb_dept` VALUES ('3', '人事部', '2', null);
INSERT INTO `tb_dept` VALUES ('5', '财务部', '4', 'test');

-- ----------------------------
-- Table structure for tb_dict
-- ----------------------------
DROP TABLE IF EXISTS `tb_dict`;
CREATE TABLE `tb_dict` (
  `id` int(11) NOT NULL AUTO_INCREMENT,
  `dict` varchar(50) CHARACTER SET utf8 DEFAULT NULL,
  `code` varchar(50) CHARACTER SET utf8 DEFAULT NULL,
  `description` varchar(255) CHARACTER SET utf8 DEFAULT NULL,
  `type` int(1) DEFAULT NULL COMMENT '1扩展词 0停用词',
  PRIMARY KEY (`id`)
) ENGINE=InnoDB AUTO_INCREMENT=5 DEFAULT CHARSET=latin1;

-- ----------------------------
-- Records of tb_dict
-- ----------------------------
INSERT INTO `tb_dict` VALUES ('1', '账号状态', 'account_status', '0:启用, 1:冻结, 2:已删除', '1');
INSERT INTO `tb_dict` VALUES ('2', '性别', 'sex', '0:女, 1:男', '1');
INSERT INTO `tb_dict` VALUES ('3', '教育程度', 'education', 'primary:小学, junior:初中, high:高中, university:大学', '0');
INSERT INTO `tb_dict` VALUES ('4', '文章发布', 'blog_status', '0:草稿, 1:发布', '0');

-- ----------------------------
-- Table structure for tb_log
-- ----------------------------
DROP TABLE IF EXISTS `tb_log`;
CREATE TABLE `tb_log` (
  `id` bigint(20) NOT NULL AUTO_INCREMENT,
  `user_id` bigint(20) DEFAULT NULL COMMENT '用户id',
  `username` varchar(50) DEFAULT NULL COMMENT '用户名',
  `log_type` varchar(20) DEFAULT NULL,
  `operation` varchar(50) DEFAULT NULL COMMENT '用户操作',
  `time` int(11) DEFAULT NULL COMMENT '响应时间',
  `method` varchar(5000) DEFAULT NULL COMMENT '请求方法',
  `params` varchar(5000) DEFAULT NULL COMMENT '请求参数',
  `ip` varchar(64) DEFAULT NULL COMMENT 'IP地址',
  `create_time` datetime DEFAULT NULL COMMENT '创建时间',
  PRIMARY KEY (`id`)
) ENGINE=InnoDB DEFAULT CHARSET=utf8;

-- ----------------------------
-- Records of tb_log
-- ----------------------------

-- ----------------------------
-- Table structure for tb_menu
-- ----------------------------
DROP TABLE IF EXISTS `tb_menu`;
CREATE TABLE `tb_menu` (
  `id` int(20) NOT NULL AUTO_INCREMENT,
  `name` varchar(50) DEFAULT NULL COMMENT '菜单名称',
  `perms` varchar(500) DEFAULT NULL COMMENT '授权(多个用逗号分隔，如：user:list,user:create)',
  `url` varchar(200) DEFAULT NULL COMMENT '菜单URL',
  `icon` varchar(50) DEFAULT NULL COMMENT '菜单图标',
  `sort` int(11) DEFAULT NULL COMMENT '排序',
  `type` int(11) DEFAULT NULL COMMENT '类型   0：目录   1：菜单   2：按钮',
  `parent_id` int(20) DEFAULT NULL COMMENT '父菜单ID，一级菜单为0',
  `leaf` int(2) DEFAULT NULL,
  `menu_show` int(2) DEFAULT NULL,
  `create_time` datetime DEFAULT NULL COMMENT '创建时间',
  `modified_time` datetime DEFAULT NULL COMMENT '修改时间',
  PRIMARY KEY (`id`)
) ENGINE=InnoDB AUTO_INCREMENT=44 DEFAULT CHARSET=utf8 COMMENT='菜单管理';

-- ----------------------------
-- Records of tb_menu
-- ----------------------------
INSERT INTO `tb_menu` VALUES ('1', '系统管理', 'admin:manager', null, 'fa fa-cogs', '2', '0', '0', '0', '1', '2017-08-09 23:06:55', '2019-04-23 13:55:38');
INSERT INTO `tb_menu` VALUES ('2', '用户管理', 'admin:user:user', '/admin/user', null, '2', '1', '1', '1', '1', '2017-08-10 00:00:00', null);
INSERT INTO `tb_menu` VALUES ('3', '角色管理', 'admin:role:role', '/admin/role', null, '3', '1', '1', '1', '1', '2017-08-10 00:00:00', null);
INSERT INTO `tb_menu` VALUES ('4', '新增', 'admin:user:add', '/user/add', null, '0', '2', '2', '1', '0', '2017-08-14 00:00:00', null);
INSERT INTO `tb_menu` VALUES ('5', '编辑', 'admin:user:edit', '/user/edit', null, '0', '2', '2', '1', '0', '2017-08-14 00:00:00', null);
INSERT INTO `tb_menu` VALUES ('6', '删除', 'admin:user:delete', '/user/remove', null, '0', '2', '2', '1', '0', '2017-08-14 00:00:00', null);
INSERT INTO `tb_menu` VALUES ('7', '新增', 'admin:role:add', '/role/add', null, '0', '2', '3', '1', '0', '2017-08-14 00:00:00', null);
INSERT INTO `tb_menu` VALUES ('8', '新增', 'admin:menu:add', '/menu/add', null, '0', '2', '33', '1', '0', '2017-08-14 00:00:00', null);
INSERT INTO `tb_menu` VALUES ('9', '编辑', 'admin:menu:edit', '/menu/edit', null, '0', '2', '33', '1', '0', '2017-08-14 00:00:00', null);
INSERT INTO `tb_menu` VALUES ('10', '删除', 'admin:menu:delete', '/menu/remove', null, '0', '2', '33', '1', '0', '2017-08-14 00:00:00', null);
INSERT INTO `tb_menu` VALUES ('11', '批量删除', 'admin:user:batchDelete', '/user/remove', null, '0', '2', '2', '1', '0', '2017-08-14 00:00:00', null);
INSERT INTO `tb_menu` VALUES ('12', '停用', 'admin:user:stop', '/user/stop', null, '0', '2', '2', '1', '0', '2017-08-14 00:00:00', null);
INSERT INTO `tb_menu` VALUES ('13', '重置密码', 'admin:user:resetPwd', '/user/resetPwd', null, '0', '2', '2', '1', '0', '2017-08-14 00:00:00', null);
INSERT INTO `tb_menu` VALUES ('14', '编辑', 'admin:role:edit', '/role/edit', null, null, '2', '3', '1', '0', '2017-08-10 00:00:00', null);
INSERT INTO `tb_menu` VALUES ('15', '删除', 'admin:role:delete', '/role/remove', null, null, '2', '3', '1', '0', '2017-08-10 00:00:00', null);
INSERT INTO `tb_menu` VALUES ('16', '批量删除', 'admin:menu:batchDelete', '/menu/remove', null, null, '2', '33', '1', '0', '2017-08-10 00:00:00', null);
INSERT INTO `tb_menu` VALUES ('17', '批量删除', 'admin:role:batchDelete', '/role/remove', null, null, '2', '3', '1', '0', '2017-08-10 00:00:00', null);
INSERT INTO `tb_menu` VALUES ('18', '清除缓存', 'admin:tool:clear', '/tool/clearCache', null, '1', '1', '32', '1', '1', '2017-08-10 00:00:00', null);
INSERT INTO `tb_menu` VALUES ('19', '编辑', 'admin:user:info', '/user/currentUser', null, '3', '2', '2', '1', '0', '2017-08-10 00:00:00', null);
INSERT INTO `tb_menu` VALUES ('20', '列表', 'admin:menu:list', '/menu/list', null, null, '2', '33', '1', '0', '2017-08-10 00:00:00', null);
INSERT INTO `tb_menu` VALUES ('21', '博客管理', 'admin:blog', null, 'fa fa-list-alt', '3', '0', '0', '0', '1', '2017-08-10 00:00:00', null);
INSERT INTO `tb_menu` VALUES ('22', '数据字典', 'admin:tool:dictionary', '/tool/dictionary', null, null, '1', '32', '1', '1', '2017-08-10 00:00:00', null);
INSERT INTO `tb_menu` VALUES ('23', '编辑文章', 'admin:blog:editor', '/blog/editor', null, null, '1', '21', '1', '1', '2017-08-10 00:00:00', null);
INSERT INTO `tb_menu` VALUES ('24', '博客列表', 'admin:blog:list', '/blog/list', null, null, '1', '21', '1', '1', '2017-08-10 00:00:00', null);
INSERT INTO `tb_menu` VALUES ('25', '详细内容', 'admin:blog:content', '/blog/content', null, null, '1', '21', '1', '0', '2017-08-10 00:00:00', null);
INSERT INTO `tb_menu` VALUES ('26', '异常页面', 'admin:base', null, 'fa fa-bug', '6', '0', '0', '0', '1', '2017-08-10 00:00:00', '2019-04-23 13:54:32');
INSERT INTO `tb_menu` VALUES ('27', '系统日志', 'admin:monitor:log', '/monitor/log', null, null, '1', '30', '1', '1', '2017-08-10 00:00:00', null);
INSERT INTO `tb_menu` VALUES ('28', '列表', 'admin:tool:list', '/log/list', null, null, '2', '27', '1', '0', '2017-08-10 00:00:00', null);
INSERT INTO `tb_menu` VALUES ('29', '上传', 'admin:tool:upload', '/upload/file', null, null, '2', '32', '1', '0', '2017-08-10 00:00:00', null);
INSERT INTO `tb_menu` VALUES ('30', '日志管理', 'admin:monitor', null, 'fa fa-video-camera', '5', '0', '0', '0', '1', '2017-08-10 00:00:00', '2019-04-02 16:25:16');
INSERT INTO `tb_menu` VALUES ('32', '系统工具', 'admin:tool', null, 'fa fa-wrench', '4', '0', '0', '0', '1', '2017-08-10 00:00:00', '2019-04-23 13:56:38');
INSERT INTO `tb_menu` VALUES ('33', '菜单管理', 'admin:menu:menu', '/admin/menu', null, '1', '1', '1', '1', '1', '2018-06-06 10:33:21', '2019-04-02 16:26:40');
INSERT INTO `tb_menu` VALUES ('34', '部门管理', 'admin:dept:dept', '/admin/dept', null, '4', '1', '1', '1', '1', '2018-06-07 11:43:49', null);
INSERT INTO `tb_menu` VALUES ('35', '新增', 'admin:dept:add', '/dept/add', null, '1', '2', '34', '1', '0', '2017-08-10 00:00:00', null);
INSERT INTO `tb_menu` VALUES ('36', '编辑', 'admin:dept:edit', '/dept/edit', null, '2', '2', '34', '1', '0', '2017-08-10 00:00:00', null);
INSERT INTO `tb_menu` VALUES ('37', '删除', 'admin:dept:delete', '/dept/remove', null, '3', '2', '34', '1', '0', '2017-08-10 00:00:00', null);
INSERT INTO `tb_menu` VALUES ('38', '批量删除', 'admin:dept:batchDelete', '/dept/remove', null, '4', '2', '34', '1', '0', '2017-08-10 00:00:00', null);
INSERT INTO `tb_menu` VALUES ('39', 'dashboard', 'admin:dashdoard', '', 'fa fa-tachometer', '1', '0', '0', '0', '1', '2017-08-10 00:00:00', '2019-04-01 11:25:29');
INSERT INTO `tb_menu` VALUES ('40', 'Redis日志', 'admin:monitor:redis', '/monitor/redis', '', '2', '0', '30', '1', '1', '2017-08-10 00:00:00', null);
INSERT INTO `tb_menu` VALUES ('41', '首页', 'admin:dashboard:home', '/dashboard', '', '1', '0', '39', '1', '1', '2017-08-10 00:00:00', null);
INSERT INTO `tb_menu` VALUES ('42', '批量删除', 'admin:user:clearLogs', '/redis/clearLogs', '', '1', '2', '40', '1', '0', '2017-08-10 00:00:00', null);
INSERT INTO `tb_menu` VALUES ('43', '404', '', '/notfound', '', '1', '0', '26', '0', '1', '2019-04-03 11:08:10', '2019-04-23 13:40:33');

-- ----------------------------
-- Table structure for tb_role
-- ----------------------------
DROP TABLE IF EXISTS `tb_role`;
CREATE TABLE `tb_role` (
  `id` int(11) NOT NULL AUTO_INCREMENT COMMENT '主键id',
  `name` varchar(255) DEFAULT NULL COMMENT '角色名称',
  `sort` int(11) DEFAULT NULL COMMENT '排序',
  `tips` varchar(255) DEFAULT NULL COMMENT '提示',
  PRIMARY KEY (`id`)
) ENGINE=InnoDB AUTO_INCREMENT=5 DEFAULT CHARSET=utf8;

-- ----------------------------
-- Records of tb_role
-- ----------------------------
INSERT INTO `tb_role` VALUES ('1', '超级管理员', '1', 'admin');
INSERT INTO `tb_role` VALUES ('2', '普通用户', '2', 'user');
INSERT INTO `tb_role` VALUES ('3', '游客', '4', 'visitor');
INSERT INTO `tb_role` VALUES ('4', '运行维护', '3', 'maintain');

-- ----------------------------
-- Table structure for tb_role_menu
-- ----------------------------
DROP TABLE IF EXISTS `tb_role_menu`;
CREATE TABLE `tb_role_menu` (
  `id` bigint(11) NOT NULL AUTO_INCREMENT COMMENT '主键',
  `menu_id` int(11) DEFAULT NULL COMMENT '菜单id',
  `role_id` int(11) DEFAULT NULL COMMENT '角色id',
  PRIMARY KEY (`id`)
) ENGINE=InnoDB AUTO_INCREMENT=86 DEFAULT CHARSET=utf8;

-- ----------------------------
-- Records of tb_role_menu
-- ----------------------------
INSERT INTO `tb_role_menu` VALUES ('43', '1', '1');
INSERT INTO `tb_role_menu` VALUES ('44', '2', '1');
INSERT INTO `tb_role_menu` VALUES ('45', '4', '1');
INSERT INTO `tb_role_menu` VALUES ('46', '5', '1');
INSERT INTO `tb_role_menu` VALUES ('47', '6', '1');
INSERT INTO `tb_role_menu` VALUES ('48', '11', '1');
INSERT INTO `tb_role_menu` VALUES ('49', '12', '1');
INSERT INTO `tb_role_menu` VALUES ('50', '13', '1');
INSERT INTO `tb_role_menu` VALUES ('51', '19', '1');
INSERT INTO `tb_role_menu` VALUES ('52', '3', '1');
INSERT INTO `tb_role_menu` VALUES ('53', '7', '1');
INSERT INTO `tb_role_menu` VALUES ('54', '14', '1');
INSERT INTO `tb_role_menu` VALUES ('55', '15', '1');
INSERT INTO `tb_role_menu` VALUES ('56', '17', '1');
INSERT INTO `tb_role_menu` VALUES ('57', '33', '1');
INSERT INTO `tb_role_menu` VALUES ('58', '8', '1');
INSERT INTO `tb_role_menu` VALUES ('59', '9', '1');
INSERT INTO `tb_role_menu` VALUES ('60', '10', '1');
INSERT INTO `tb_role_menu` VALUES ('61', '16', '1');
INSERT INTO `tb_role_menu` VALUES ('62', '20', '1');
INSERT INTO `tb_role_menu` VALUES ('63', '34', '1');
INSERT INTO `tb_role_menu` VALUES ('64', '35', '1');
INSERT INTO `tb_role_menu` VALUES ('65', '36', '1');
INSERT INTO `tb_role_menu` VALUES ('66', '37', '1');
INSERT INTO `tb_role_menu` VALUES ('67', '38', '1');
INSERT INTO `tb_role_menu` VALUES ('68', '21', '1');
INSERT INTO `tb_role_menu` VALUES ('69', '23', '1');
INSERT INTO `tb_role_menu` VALUES ('70', '24', '1');
INSERT INTO `tb_role_menu` VALUES ('71', '25', '1');
INSERT INTO `tb_role_menu` VALUES ('72', '26', '1');
INSERT INTO `tb_role_menu` VALUES ('74', '30', '1');
INSERT INTO `tb_role_menu` VALUES ('75', '27', '1');
INSERT INTO `tb_role_menu` VALUES ('76', '28', '1');
INSERT INTO `tb_role_menu` VALUES ('77', '40', '1');
INSERT INTO `tb_role_menu` VALUES ('78', '42', '1');
INSERT INTO `tb_role_menu` VALUES ('79', '32', '1');
INSERT INTO `tb_role_menu` VALUES ('80', '18', '1');
INSERT INTO `tb_role_menu` VALUES ('81', '22', '1');
INSERT INTO `tb_role_menu` VALUES ('82', '29', '1');
INSERT INTO `tb_role_menu` VALUES ('83', '39', '1');
INSERT INTO `tb_role_menu` VALUES ('84', '41', '1');
INSERT INTO `tb_role_menu` VALUES ('85', '43', '1');

-- ----------------------------
-- Table structure for tb_user
-- ----------------------------
DROP TABLE IF EXISTS `tb_user`;
CREATE TABLE `tb_user` (
  `id` bigint(11) NOT NULL AUTO_INCREMENT COMMENT '主键id',
  `username` varchar(45) DEFAULT NULL COMMENT '昵称',
  `nickname` varchar(45) DEFAULT NULL,
  `password` varchar(45) DEFAULT NULL COMMENT '密码',
  `birthday` date DEFAULT NULL COMMENT '生日',
  `sex` int(4) DEFAULT NULL COMMENT '性别（0：女, 1：男）',
  `phone` varchar(45) DEFAULT NULL COMMENT '电话',
  `email` varchar(45) DEFAULT NULL COMMENT '电子邮件',
  `dept_id` int(11) DEFAULT NULL COMMENT '部门id',
  `status` int(4) DEFAULT NULL COMMENT '状态(1：启用  2：冻结  3：删除）',
  `address` varchar(255) DEFAULT NULL COMMENT '住址',
  `avatar` varchar(255) DEFAULT NULL COMMENT '头像',
  `create_time` datetime DEFAULT NULL COMMENT '创建时间',
  PRIMARY KEY (`id`)
) ENGINE=InnoDB AUTO_INCREMENT=5 DEFAULT CHARSET=utf8;

-- ----------------------------
-- Records of tb_user
-- ----------------------------
INSERT INTO `tb_user` VALUES ('1', 'admin', '超级管理员', '66bafb9fb704934fd46fdd25d1d38326', '1999-12-28', '0', '13728604709', 'admin@163.com', '5', '1', '广州', 'http://192.168.229.128/images/2019/04/3998a7da487d481a8ba438e1d089a7d6.png', '2018-06-01 16:47:30');
INSERT INTO `tb_user` VALUES ('2', 'sunny', '向日葵', 'd126ac77903c9c2021327a77a00b0022', '2011-01-26', '0', '12345678901', 'sunny@163.com', '3', '1', null, 'http://192.168.229.128/images/2019/04/b524937a7d1a459db201567ac25b15ac.png', '2018-06-12 17:18:09');
INSERT INTO `tb_user` VALUES ('3', 'lian', '连先生', '53f79b7b9b48b1c37ce9730feecd0bdb', '2010-04-30', '1', '12345678901', 'lian@qq.com', '1', '1', null, 'http://192.168.229.128/images/2019/04/96af958b13bf4fa59e1fa11fbf2a7291.png', '2018-06-12 17:19:11');
INSERT INTO `tb_user` VALUES ('4', 'lucy', '陆茜', '7b824faa120db4f05f98124e8802132f', '2010-02-01', '0', '45646546', 'lucy@163.com', '3', '1', null, 'http://192.168.229.128/images/2019/04/258b5f91065341e8a66a2f3f092c743f.png', '2019-04-02 14:05:24');

-- ----------------------------
-- Table structure for tb_user_role
-- ----------------------------
DROP TABLE IF EXISTS `tb_user_role`;
CREATE TABLE `tb_user_role` (
  `id` bigint(20) NOT NULL AUTO_INCREMENT,
  `user_id` bigint(20) DEFAULT NULL,
  `role_id` int(11) DEFAULT NULL,
  PRIMARY KEY (`id`)
) ENGINE=InnoDB AUTO_INCREMENT=8 DEFAULT CHARSET=utf8;

-- ----------------------------
-- Records of tb_user_role
-- ----------------------------
INSERT INTO `tb_user_role` VALUES ('4', '4', '2');
INSERT INTO `tb_user_role` VALUES ('5', '1', '1');
INSERT INTO `tb_user_role` VALUES ('6', '2', '3');
INSERT INTO `tb_user_role` VALUES ('7', '3', '2');
